"Date","Price","Open","High","Low","Change %"
"Jun 16, 2021","5.0545","5.0436","5.0821","4.9921","0.18%"
"Jun 15, 2021","5.0453","5.0635","5.1041","5.0385","-0.29%"
"Jun 14, 2021","5.0601","5.1153","5.1190","5.0539","-1.11%"
"Jun 11, 2021","5.1171","5.0590","5.1395","5.0530","1.22%"
"Jun 10, 2021","5.0552","5.0650","5.0922","5.0323","-0.14%"
"Jun 09, 2021","5.0621","5.0363","5.0863","5.0181","0.59%"
"Jun 08, 2021","5.0325","5.0468","5.0689","5.0205","-0.25%"
"Jun 07, 2021","5.0451","5.0466","5.0703","5.0172","-0.09%"
"Jun 04, 2021","5.0495","5.1135","5.1154","5.0320","-0.55%"
"Jun 03, 2021","5.0775","5.0786","5.0786","5.0780","0.04%"
"Jun 02, 2021","5.0754","5.1515","5.1754","5.0671","-1.47%"
"Jun 01, 2021","5.1509","5.2210","5.2212","5.1399","-1.27%"
"May 31, 2021","5.2172","5.2228","5.2632","5.1982","-0.15%"
"May 28, 2021","5.2252","5.2400","5.2664","5.2088","-0.25%"
"May 27, 2021","5.2383","5.3120","5.3133","5.2346","-1.38%"
"May 26, 2021","5.3115","5.3289","5.3435","5.2867","-0.39%"
"May 25, 2021","5.3320","5.3210","5.3468","5.2941","0.27%"
"May 24, 2021","5.3175","5.3664","5.3746","5.3095","-0.82%"
"May 21, 2021","5.3617","5.2843","5.3710","5.2703","1.50%"
"May 20, 2021","5.2825","5.3105","5.3109","5.2699","-0.51%"
"May 19, 2021","5.3094","5.2608","5.3261","5.2586","0.93%"
"May 18, 2021","5.2605","5.2754","5.2814","5.2298","-0.24%"
"May 17, 2021","5.2729","5.2725","5.3205","5.2442","0.00%"
"May 14, 2021","5.2728","5.3090","5.3090","5.2442","-0.68%"
"May 13, 2021","5.3090","5.3043","5.3331","5.2519","0.05%"
"May 12, 2021","5.3061","5.2227","5.3198","5.2105","1.63%"
"May 11, 2021","5.2208","5.2273","5.2823","5.2031","-0.12%"
"May 10, 2021","5.2272","5.2340","5.2526","5.1964","-0.18%"
"May 07, 2021","5.2368","5.2768","5.2952","5.2025","-0.74%"
"May 06, 2021","5.2760","5.3573","5.3752","5.2567","-1.46%"
"May 05, 2021","5.3542","5.4455","5.4478","5.3512","-1.64%"
"May 04, 2021","5.4435","5.4398","5.4843","5.4113","0.03%"
"May 03, 2021","5.4420","5.4360","5.4561","5.3727","0.10%"
"Apr 30, 2021","5.4366","5.3383","5.4489","5.3351","1.86%"
"Apr 29, 2021","5.3375","5.3428","5.3798","5.3274","-0.10%"
"Apr 28, 2021","5.3430","5.4526","5.4561","5.3429","-1.95%"
"Apr 27, 2021","5.4490","5.4366","5.4673","5.4097","0.23%"
"Apr 26, 2021","5.4364","5.4757","5.4904","5.4318","-0.71%"
"Apr 23, 2021","5.4751","5.4446","5.5240","5.4239","0.56%"
"Apr 22, 2021","5.4448","5.5669","5.5669","5.4373","-2.23%"
"Apr 21, 2021","5.5690","5.5692","5.5695","5.5692","0.01%"
"Apr 20, 2021","5.5687","5.5461","5.5883","5.5022","0.41%"
"Apr 19, 2021","5.5461","5.5873","5.6224","5.5262","-0.76%"
"Apr 16, 2021","5.5883","5.6142","5.6781","5.5658","-0.50%"
"Apr 15, 2021","5.6162","5.6540","5.6603","5.5951","-0.64%"
"Apr 14, 2021","5.6526","5.7180","5.7359","5.6452","-1.12%"
"Apr 13, 2021","5.7166","5.7340","5.7562","5.6629","-0.29%"
"Apr 12, 2021","5.7333","5.6822","5.7425","5.6300","0.90%"
"Apr 09, 2021","5.6821","5.5682","5.6852","5.5665","1.98%"
"Apr 08, 2021","5.5720","5.6136","5.6174","5.5381","-0.75%"
"Apr 07, 2021","5.6143","5.5904","5.6550","5.5474","0.43%"
"Apr 06, 2021","5.5904","5.6642","5.6698","5.5742","-1.29%"
"Apr 05, 2021","5.6632","5.7100","5.7101","5.6323","-0.78%"
"Apr 02, 2021","5.7075","5.7080","5.7080","5.7080","0.01%"
"Apr 01, 2021","5.7071","5.6330","5.7276","5.6080","1.34%"
"Mar 31, 2021","5.6315","5.7740","5.7768","5.6214","-2.48%"
"Mar 30, 2021","5.7745","5.7824","5.8034","5.7200","-0.09%"
"Mar 29, 2021","5.7799","5.7550","5.8069","5.7359","0.40%"
"Mar 26, 2021","5.7566","5.6473","5.7589","5.6448","1.93%"
"Mar 25, 2021","5.6475","5.6213","5.6821","5.6174","0.47%"
"Mar 24, 2021","5.6209","5.5216","5.6432","5.4891","1.80%"
"Mar 23, 2021","5.5214","5.5045","5.5509","5.4640","0.31%"
"Mar 22, 2021","5.5045","5.5087","5.5483","5.4936","0.23%"
"Mar 19, 2021","5.4917","5.5609","5.5640","5.4482","-1.24%"
"Mar 18, 2021","5.5604","5.5860","5.5860","5.4763","-0.41%"
"Mar 17, 2021","5.5832","5.6249","5.6827","5.5688","-0.74%"
"Mar 16, 2021","5.6246","5.6252","5.6344","5.5574","0.16%"
"Mar 15, 2021","5.6156","5.5501","5.6568","5.5310","1.15%"
"Mar 12, 2021","5.5518","5.5362","5.5873","5.5324","0.29%"
"Mar 11, 2021","5.5357","5.6078","5.6215","5.5257","-2.40%"
"Mar 10, 2021","5.6720","5.7902","5.8144","5.6443","-2.25%"
"Mar 09, 2021","5.8025","5.8753","5.8787","5.7675","-1.24%"
"Mar 08, 2021","5.8755","5.6898","5.8769","5.6898","3.25%"
"Mar 05, 2021","5.6908","5.6697","5.7232","5.6517","0.38%"
"Mar 04, 2021","5.6693","5.5700","5.6852","5.5438","0.89%"
"Mar 03, 2021","5.6193","5.6872","5.7729","5.5806","-1.00%"
"Mar 02, 2021","5.6761","5.6421","5.7340","5.6386","0.61%"
"Mar 01, 2021","5.6418","5.5870","5.6427","5.5553","0.77%"
"Feb 26, 2021","5.5986","5.5340","5.6093","5.4905","1.23%"
"Feb 25, 2021","5.5308","5.4450","5.5390","5.4173","2.30%"
"Feb 24, 2021","5.4062","5.4409","5.4454","5.3895","-0.64%"
"Feb 23, 2021","5.4409","5.4692","5.4843","5.4075","-0.46%"
"Feb 22, 2021","5.4659","5.5128","5.5342","5.4296","1.55%"
"Feb 19, 2021","5.3823","5.4267","5.4706","5.3670","-0.82%"
"Feb 18, 2021","5.4270","5.3877","5.4535","5.3854","0.30%"
"Feb 17, 2021","5.4105","5.3707","5.4331","5.3707","0.76%"
"Feb 16, 2021","5.3695","5.3685","5.3707","5.3685","-0.01%"
"Feb 12, 2021","5.3698","5.3953","5.4127","5.3542","0.06%"
"Feb 11, 2021","5.3665","5.3882","5.4118","5.3330","-0.36%"
"Feb 10, 2021","5.3860","5.3790","5.4378","5.3485","0.15%"
"Feb 09, 2021","5.3781","5.3660","5.4478","5.3535","0.23%"
"Feb 08, 2021","5.3657","5.4040","5.4208","5.3042","-0.09%"
"Feb 05, 2021","5.3704","5.4270","5.4562","5.3436","-1.04%"
"Feb 04, 2021","5.4266","5.3552","5.4571","5.3544","1.37%"
"Feb 03, 2021","5.3534","5.3663","5.3945","5.3201","-0.27%"
"Feb 02, 2021","5.3680","5.4326","5.4326","5.3425","-1.18%"
"Feb 01, 2021","5.4322","5.4663","5.4863","5.4205","-0.55%"
"Jan 29, 2021","5.4625","5.4390","5.5061","5.4189","0.40%"
"Jan 28, 2021","5.4410","5.4250","5.4604","5.3898","0.50%"
"Jan 27, 2021","5.4138","5.3556","5.4205","5.3491","1.09%"
"Jan 26, 2021","5.3552","5.4711","5.4783","5.3119","-2.04%"
"Jan 25, 2021","5.4665","5.4670","5.4670","5.4670","-0.00%"
"Jan 22, 2021","5.4666","5.3547","5.4875","5.3547","2.17%"
"Jan 21, 2021","5.3506","5.2544","5.4006","5.2314","1.11%"
"Jan 20, 2021","5.2917","5.3589","5.3589","5.2823","-1.23%"
"Jan 19, 2021","5.3578","5.2691","5.3685","5.2420","1.17%"
"Jan 18, 2021","5.2957","5.3025","5.3229","5.2355","0.06%"
"Jan 15, 2021","5.2927","5.1971","5.3108","5.1971","1.85%"
"Jan 14, 2021","5.1967","5.2991","5.3034","5.1910","-1.93%"
"Jan 13, 2021","5.2990","5.3233","5.3550","5.2702","-0.44%"
"Jan 12, 2021","5.3226","5.4893","5.4942","5.3116","-3.03%"
"Jan 11, 2021","5.4890","5.4666","5.5166","5.4491","1.31%"
"Jan 08, 2021","5.4178","5.4108","5.4408","5.3208","0.14%"
"Jan 07, 2021","5.4101","5.3169","5.4187","5.2989","1.81%"
"Jan 06, 2021","5.3139","5.2863","5.3597","5.2318","0.54%"
"Jan 05, 2021","5.2854","5.2955","5.3547","5.2515","-0.22%"
"Jan 04, 2021","5.2968","5.1351","5.2972","5.1197","1.99%"
"Jan 01, 2021","5.1935","5.1934","5.1935","5.1934","0.00%"
"Dec 31, 2020","5.1935","5.1940","5.1940","5.1940","-0.00%"
"Dec 30, 2020","5.1937","5.2051","5.2361","5.1519","-0.31%"
"Dec 29, 2020","5.2099","5.2460","5.2473","5.1645","-0.69%"
"Dec 28, 2020","5.2461","5.1784","5.3124","5.1639","0.57%"
"Dec 24, 2020","5.2165","5.2168","5.2168","5.2168","0.00%"
"Dec 23, 2020","5.2164","5.1604","5.2215","5.1287","1.10%"
"Dec 22, 2020","5.1597","5.1220","5.1731","5.1094","0.73%"
"Dec 21, 2020","5.1222","5.2012","5.2250","5.1122","0.39%"
"Dec 18, 2020","5.1022","5.0592","5.1177","5.0592","0.87%"
"Dec 17, 2020","5.0582","5.0601","5.0890","5.0421","-0.50%"
"Dec 16, 2020","5.0838","5.0823","5.1440","5.0645","-0.01%"
"Dec 15, 2020","5.0842","5.1145","5.1248","5.0761","-0.68%"
"Dec 14, 2020","5.1189","5.0383","5.1307","5.0100","1.05%"
"Dec 11, 2020","5.0656","5.0438","5.0886","5.0288","0.80%"
"Dec 10, 2020","5.0256","5.1109","5.1328","5.0143","-2.81%"
"Dec 09, 2020","5.1708","5.1206","5.1981","5.0868","0.99%"
"Dec 08, 2020","5.1202","5.1000","5.1392","5.0627","0.42%"
"Dec 07, 2020","5.0990","5.1597","5.1701","5.0570","-1.10%"
"Dec 04, 2020","5.1557","5.1540","5.1846","5.1164","0.08%"
"Dec 03, 2020","5.1515","5.2178","5.2310","5.1209","-1.26%"
"Dec 02, 2020","5.2175","5.2252","5.2554","5.2059","0.22%"
"Dec 01, 2020","5.2061","5.3158","5.3301","5.2031","-2.36%"
"Nov 30, 2020","5.3319","5.2906","5.3971","5.2737","-0.22%"
"Nov 27, 2020","5.3438","5.3360","5.3801","5.3195","0.14%"
"Nov 26, 2020","5.3365","5.3198","5.3584","5.2955","0.24%"
"Nov 25, 2020","5.3237","5.3740","5.3956","5.3037","-0.93%"
"Nov 24, 2020","5.3736","5.4409","5.4450","5.3703","-1.20%"
"Nov 23, 2020","5.4390","5.3780","5.4507","5.3387","1.10%"
"Nov 20, 2020","5.3797","5.2913","5.3959","5.2847","1.40%"
"Nov 19, 2020","5.3054","5.3633","5.3805","5.2972","-1.07%"
"Nov 18, 2020","5.3629","5.3285","5.3725","5.2740","0.65%"
"Nov 17, 2020","5.3281","5.4165","5.4233","5.3221","-1.61%"
"Nov 16, 2020","5.4152","5.4148","5.4584","5.3636","-0.79%"
"Nov 13, 2020","5.4582","5.4580","5.5264","5.4497","0.00%"
"Nov 12, 2020","5.4581","5.4160","5.4904","5.3526","1.24%"
"Nov 11, 2020","5.3910","5.4180","5.4571","5.3738","-0.44%"
"Nov 10, 2020","5.4147","5.3737","5.4190","5.3345","0.54%"
"Nov 09, 2020","5.3858","5.2746","5.4260","5.2235","0.39%"
"Nov 06, 2020","5.3647","5.5255","5.5742","5.3586","-2.90%"
"Nov 05, 2020","5.5250","5.6129","5.6310","5.5223","-2.45%"
"Nov 04, 2020","5.6635","5.7565","5.7655","5.6434","-1.61%"
"Nov 03, 2020","5.7560","5.6964","5.7667","5.6487","0.24%"
"Nov 02, 2020","5.7425","5.7430","5.7430","5.7430","-0.04%"
"Oct 30, 2020","5.7446","5.7781","5.8084","5.7217","-0.60%"
"Oct 29, 2020","5.7790","5.7466","5.7923","5.7439","0.58%"
"Oct 28, 2020","5.7457","5.7060","5.7927","5.7017","0.70%"
"Oct 27, 2020","5.7055","5.6243","5.7127","5.5986","1.47%"
"Oct 26, 2020","5.6229","5.6551","5.6638","5.6100","0.10%"
"Oct 23, 2020","5.6175","5.5929","5.6354","5.5651","0.50%"
"Oct 22, 2020","5.5893","5.6088","5.6264","5.5627","-0.31%"
"Oct 21, 2020","5.6066","5.6058","5.6294","5.5707","0.02%"
"Oct 20, 2020","5.6054","5.6103","5.6267","5.5472","-0.03%"
"Oct 19, 2020","5.6069","5.6463","5.6503","5.5665","-0.64%"
"Oct 16, 2020","5.6428","5.6097","5.6549","5.5975","0.54%"
"Oct 15, 2020","5.6126","5.5958","5.6483","5.5886","0.38%"
"Oct 14, 2020","5.5912","5.5729","5.6055","5.5349","0.39%"
"Oct 13, 2020","5.5693","5.5263","5.6262","5.5210","0.68%"
"Oct 09, 2020","5.5318","5.6000","5.6013","5.5104","-1.19%"
"Oct 08, 2020","5.5987","5.6128","5.6469","5.5761","-0.20%"
"Oct 07, 2020","5.6097","5.5613","5.6396","5.5507","0.30%"
"Oct 06, 2020","5.5930","5.5745","5.6174","5.4830","0.34%"
"Oct 05, 2020","5.5743","5.6498","5.6774","5.5500","-1.95%"
"Oct 02, 2020","5.6851","5.6433","5.6929","5.6072","0.73%"
"Oct 01, 2020","5.6437","5.6109","5.6652","5.5739","0.58%"
"Sep 30, 2020","5.6112","5.6352","5.6705","5.5870","-0.41%"
"Sep 29, 2020","5.6344","5.6614","5.6786","5.6061","-0.50%"
"Sep 28, 2020","5.6627","5.5135","5.6760","5.5127","1.80%"
"Sep 25, 2020","5.5624","5.5097","5.5890","5.5097","0.97%"
"Sep 24, 2020","5.5089","5.5930","5.6243","5.4926","-1.53%"
"Sep 23, 2020","5.5943","5.4702","5.5991","5.4700","2.26%"
"Sep 22, 2020","5.4704","5.4146","5.4967","5.3828","1.06%"
"Sep 21, 2020","5.4131","5.4511","5.4979","5.3876","0.47%"
"Sep 18, 2020","5.3876","5.2397","5.3988","5.2391","2.83%"
"Sep 17, 2020","5.2394","5.2379","5.2924","5.2264","0.03%"
"Sep 16, 2020","5.2377","5.2762","5.2785","5.2102","-0.70%"
"Sep 15, 2020","5.2748","5.2698","5.3016","5.2192","0.08%"
"Sep 14, 2020","5.2706","5.3191","5.3235","5.2613","-0.91%"
"Sep 11, 2020","5.3189","5.3209","5.3495","5.2583","-0.04%"
"Sep 10, 2020","5.3210","5.3095","5.3325","5.2681","0.25%"
"Sep 09, 2020","5.3078","5.3615","5.3620","5.2785","-1.04%"
"Sep 08, 2020","5.3638","5.3608","5.4096","5.3156","1.18%"
"Sep 04, 2020","5.3012","5.2901","5.3285","5.2465","0.19%"
"Sep 03, 2020","5.2914","5.3408","5.3752","5.2722","-0.92%"
"Sep 02, 2020","5.3403","5.3987","5.4309","5.3407","-1.03%"
"Sep 01, 2020","5.3960","5.4927","5.4927","5.3344","-1.74%"
"Aug 31, 2020","5.4914","5.3850","5.4955","5.3850","1.92%"
"Aug 28, 2020","5.3881","5.5700","5.5702","5.3855","-3.25%"
"Aug 27, 2020","5.5691","5.6060","5.6223","5.5435","-0.65%"
"Aug 26, 2020","5.6054","5.5090","5.6342","5.5089","1.78%"
"Aug 25, 2020","5.5075","5.6112","5.6136","5.5049","-1.83%"
"Aug 24, 2020","5.6100","5.5773","5.6148","5.5589","-0.16%"
"Aug 21, 2020","5.6192","5.5587","5.6332","5.5554","1.12%"
"Aug 20, 2020","5.5568","5.5573","5.6733","5.5381","-0.01%"
"Aug 19, 2020","5.5575","5.4674","5.5619","5.4345","1.66%"
"Aug 18, 2020","5.4666","5.5098","5.5168","5.4206","-0.77%"
"Aug 17, 2020","5.5090","5.4410","5.5149","5.4089","1.63%"
"Aug 14, 2020","5.4204","5.3699","5.4422","5.3573","0.96%"
"Aug 13, 2020","5.3690","5.4356","5.4362","5.3490","-1.18%"
"Aug 12, 2020","5.4333","5.3819","5.4925","5.3819","0.99%"
"Aug 11, 2020","5.3800","5.4809","5.4822","5.3716","-1.85%"
"Aug 10, 2020","5.4812","5.4395","5.4907","5.3517","0.79%"
"Aug 07, 2020","5.4383","5.3442","5.4394","5.3401","2.00%"
"Aug 06, 2020","5.3315","5.2915","5.3721","5.2915","0.78%"
"Aug 05, 2020","5.2902","5.2439","5.3204","5.2317","0.00%"
"Aug 04, 2020","5.2900","5.3205","5.3775","5.2744","-0.59%"
"Aug 03, 2020","5.3213","5.2223","5.3364","5.2115","1.86%"
"Jul 31, 2020","5.2240","5.1541","5.2298","5.1531","1.37%"
"Jul 30, 2020","5.1534","5.1705","5.2165","5.1435","-0.31%"
"Jul 29, 2020","5.1692","5.1383","5.1845","5.1145","0.31%"
"Jul 28, 2020","5.1533","5.1493","5.2045","5.1346","0.17%"
"Jul 27, 2020","5.1447","5.2332","5.2332","5.1410","-1.69%"
"Jul 24, 2020","5.2329","5.2127","5.2533","5.1596","0.42%"
"Jul 23, 2020","5.2112","5.1191","5.2262","5.1188","1.85%"
"Jul 22, 2020","5.1166","5.1707","5.2028","5.0827","-1.06%"
"Jul 21, 2020","5.1713","5.3291","5.3291","5.1647","-2.95%"
"Jul 20, 2020","5.3283","5.3870","5.3913","5.3269","-1.05%"
"Jul 17, 2020","5.3849","5.3243","5.3923","5.3155","1.01%"
"Jul 16, 2020","5.3311","5.3697","5.3928","5.3064","-0.72%"
"Jul 15, 2020","5.3698","5.3096","5.3910","5.2917","0.04%"
"Jul 14, 2020","5.3674","5.4032","5.4542","5.3306","-0.68%"
"Jul 13, 2020","5.4040","5.3130","5.4098","5.3105","1.51%"
"Jul 10, 2020","5.3238","5.3390","5.3946","5.3128","-0.33%"
"Jul 09, 2020","5.3413","5.3450","5.3788","5.2450","-0.02%"
"Jul 08, 2020","5.3422","5.3840","5.3941","5.3178","-0.68%"
"Jul 07, 2020","5.3790","5.3559","5.4017","5.2880","0.43%"
"Jul 06, 2020","5.3562","5.3150","5.3592","5.2609","0.76%"
"Jul 03, 2020","5.3158","5.3523","5.3807","5.3047","-0.82%"
"Jul 02, 2020","5.3596","5.3185","5.3752","5.2656","0.79%"
"Jul 01, 2020","5.3174","5.4660","5.4763","5.2985","-2.72%"
"Jun 30, 2020","5.4661","5.4005","5.5082","5.4005","1.16%"
"Jun 29, 2020","5.4034","5.4847","5.4847","5.3892","-1.47%"
"Jun 26, 2020","5.4840","5.3608","5.4931","5.3608","2.39%"
"Jun 25, 2020","5.3561","5.3476","5.3802","5.2663","0.18%"
"Jun 24, 2020","5.3467","5.1525","5.3549","5.1525","3.73%"
"Jun 23, 2020","5.1542","5.2524","5.2537","5.1336","-1.87%"
"Jun 22, 2020","5.2524","5.2904","5.2968","5.1972","-1.09%"
"Jun 19, 2020","5.3105","5.3780","5.3821","5.2881","-1.25%"
"Jun 18, 2020","5.3776","5.2291","5.3884","5.2277","2.85%"
"Jun 17, 2020","5.2286","5.2446","5.2716","5.1814","-0.27%"
"Jun 16, 2020","5.2430","5.1173","5.2549","5.0477","1.69%"
"Jun 15, 2020","5.1557","5.1314","5.2260","5.0786","2.08%"
"Jun 12, 2020","5.0505","4.9774","5.1118","4.9765","1.50%"
"Jun 11, 2020","4.9760","4.9740","4.9765","4.9740","0.06%"
"Jun 10, 2020","4.9732","4.9000","4.9789","4.8380","1.51%"
"Jun 09, 2020","4.8992","4.8229","4.9359","4.8229","1.58%"
"Jun 08, 2020","4.8230","4.9619","4.9774","4.8175","-2.73%"
"Jun 05, 2020","4.9585","5.1186","5.1196","4.9328","-3.14%"
"Jun 04, 2020","5.1190","5.0624","5.1418","5.0244","1.12%"
"Jun 03, 2020","5.0622","5.2007","5.2109","5.0159","-2.68%"
"Jun 02, 2020","5.2014","5.3672","5.3700","5.1989","-3.02%"
"Jun 01, 2020","5.3633","5.3340","5.4196","5.3100","0.51%"
"May 29, 2020","5.3361","5.4049","5.4630","5.3190","-1.27%"
"May 28, 2020","5.4045","5.2743","5.4113","5.2743","2.49%"
"May 27, 2020","5.2733","5.3418","5.3610","5.2691","-1.34%"
"May 26, 2020","5.3450","5.4432","5.4432","5.3340","-1.86%"
"May 25, 2020","5.4461","5.4942","5.5301","5.4321","-1.58%"
"May 22, 2020","5.5338","5.5536","5.6256","5.5229","-0.30%"
"May 21, 2020","5.5507","5.6925","5.7062","5.5473","-2.49%"
"May 20, 2020","5.6925","5.7559","5.7572","5.6694","-1.07%"
"May 19, 2020","5.7540","5.7192","5.7687","5.6820","0.61%"
"May 18, 2020","5.7190","5.8565","5.8565","5.6942","-2.33%"
"May 15, 2020","5.8554","5.8110","5.8734","5.7590","0.76%"
"May 14, 2020","5.8115","5.9248","5.9718","5.8022","-1.25%"
"May 13, 2020","5.8852","5.8863","5.9440","5.8176","-0.01%"
"May 12, 2020","5.8856","5.8190","5.8949","5.7420","1.16%"
"May 11, 2020","5.8180","5.7825","5.8404","5.7651","1.50%"
"May 08, 2020","5.7319","5.8123","5.8285","5.7178","-1.69%"
"May 07, 2020","5.8307","5.7158","5.8770","5.7158","2.04%"
"May 06, 2020","5.7140","5.5750","5.7235","5.5750","2.43%"
"May 05, 2020","5.5783","5.5424","5.6044","5.4818","0.60%"
"May 04, 2020","5.5450","5.6141","5.6143","5.5187","1.08%"
"May 01, 2020","5.4856","5.4861","5.4861","5.4861","-0.00%"
"Apr 30, 2020","5.4858","5.3346","5.4875","5.3306","2.83%"
"Apr 29, 2020","5.3348","5.5019","5.5280","5.3340","-3.00%"
"Apr 28, 2020","5.4999","5.6085","5.6221","5.4710","-2.70%"
"Apr 27, 2020","5.6526","5.5427","5.7260","5.5345","1.11%"
"Apr 24, 2020","5.5907","5.5339","5.7484","5.5339","1.03%"
"Apr 23, 2020","5.5335","5.4557","5.5567","5.4008","1.38%"
"Apr 22, 2020","5.4580","5.3184","5.4644","5.3028","2.67%"
"Apr 21, 2020","5.3163","5.3172","5.3176","5.3166","-0.01%"
"Apr 20, 2020","5.3168","5.2864","5.3201","5.2642","1.54%"
"Apr 17, 2020","5.2363","5.2341","5.2761","5.2066","0.06%"
"Apr 16, 2020","5.2333","5.2336","5.2683","5.2007","-0.06%"
"Apr 15, 2020","5.2367","5.2228","5.2684","5.2157","1.45%"
"Apr 14, 2020","5.1621","5.1811","5.2123","5.1484","-0.72%"
"Apr 13, 2020","5.1994","5.1219","5.2088","5.1038","1.82%"
"Apr 10, 2020","5.1063","5.1068","5.1068","5.1068","-0.01%"
"Apr 09, 2020","5.1070","5.1260","5.1533","5.0487","-0.32%"
"Apr 08, 2020","5.1233","5.2237","5.2489","5.1112","-1.88%"
"Apr 07, 2020","5.2214","5.2817","5.2868","5.1819","-1.23%"
"Apr 06, 2020","5.2863","5.2998","5.3114","5.2235","-1.20%"
"Apr 03, 2020","5.3506","5.2566","5.3541","5.2557","1.85%"
"Apr 02, 2020","5.2533","5.2485","5.2850","5.2221","0.08%"
"Apr 01, 2020","5.2493","5.2252","5.2747","5.2210","0.86%"
"Mar 31, 2020","5.2046","5.1881","5.2150","5.1680","0.21%"
"Mar 30, 2020","5.1936","5.1180","5.1961","5.1128","1.84%"
"Mar 27, 2020","5.0997","5.0235","5.1283","5.0235","1.56%"
"Mar 26, 2020","5.0212","5.0349","5.0660","4.9733","-0.28%"
"Mar 25, 2020","5.0353","5.0995","5.1109","4.9722","-1.24%"
"Mar 24, 2020","5.0983","5.1431","5.1431","5.0412","-0.90%"
"Mar 23, 2020","5.1444","5.0628","5.1479","5.0050","1.61%"
"Mar 20, 2020","5.0627","5.0010","5.0662","4.9820","-0.65%"
"Mar 19, 2020","5.0957","5.1098","5.2140","5.0682","-0.21%"
"Mar 18, 2020","5.1064","5.0103","5.2550","5.0073","1.96%"
"Mar 17, 2020","5.0084","5.0357","5.0873","4.9594","0.16%"
"Mar 16, 2020","5.0002","4.8600","5.0690","4.8600","2.93%"
"Mar 13, 2020","4.8580","4.7095","4.8810","4.6424","1.40%"
"Mar 12, 2020","4.7910","4.8149","5.0284","4.7501","-0.47%"
"Mar 11, 2020","4.8136","4.6400","4.8284","4.6400","3.69%"
"Mar 10, 2020","4.6425","4.6742","4.6873","4.6345","-1.71%"
"Mar 09, 2020","4.7231","4.7600","4.7943","4.7052","2.08%"
"Mar 06, 2020","4.6269","4.6358","4.6720","4.6108","0.43%"
"Mar 05, 2020","4.6073","4.5993","4.6672","4.5844","0.49%"
"Mar 04, 2020","4.5847","4.5140","4.5881","4.5026","1.56%"
"Mar 03, 2020","4.5144","4.4744","4.5184","4.4521","0.90%"
"Mar 02, 2020","4.4740","4.4949","4.5068","4.4690","0.02%"
"Feb 28, 2020","4.4733","4.5070","4.5143","4.4642","-0.29%"
"Feb 27, 2020","4.4861","4.4497","4.5021","4.4471","0.81%"
"Feb 26, 2020","4.4502","4.3884","4.4553","4.3880","1.42%"
"Feb 25, 2020","4.3878","4.3883","4.3888","4.3879","0.00%"
"Feb 24, 2020","4.3878","4.3884","4.3884","4.3883","-0.04%"
"Feb 21, 2020","4.3895","4.3939","4.4068","4.3712","-0.09%"
"Feb 20, 2020","4.3933","4.3653","4.3985","4.3580","0.65%"
"Feb 19, 2020","4.3649","4.3564","4.3779","4.3562","0.21%"
"Feb 18, 2020","4.3557","4.3280","4.3645","4.3252","0.66%"
"Feb 17, 2020","4.3270","4.3003","4.3320","4.2969","0.69%"
"Feb 14, 2020","4.2974","4.3504","4.3504","4.2906","-1.20%"
"Feb 13, 2020","4.3498","4.3552","4.3835","4.3081","-0.11%"
"Feb 12, 2020","4.3548","4.3319","4.3558","4.3232","0.54%"
"Feb 11, 2020","4.3316","4.3252","4.3411","4.2969","0.16%"
"Feb 10, 2020","4.3248","4.3210","4.3293","4.3040","0.10%"
"Feb 07, 2020","4.3203","4.2825","4.3240","4.2793","0.89%"
"Feb 06, 2020","4.2822","4.2357","4.2861","4.2086","1.11%"
"Feb 05, 2020","4.2353","4.2552","4.2614","4.2263","-0.45%"
"Feb 04, 2020","4.2545","4.2480","4.2625","4.2232","0.16%"
"Feb 03, 2020","4.2476","4.2816","4.2828","4.2294","-0.80%"
"Jan 31, 2020","4.2820","4.2438","4.2905","4.2438","0.92%"
"Jan 30, 2020","4.2430","4.2304","4.2726","4.2303","0.30%"
"Jan 29, 2020","4.2303","4.1948","4.2326","4.1814","0.86%"
"Jan 28, 2020","4.1943","4.2112","4.2168","4.1867","-0.31%"
"Jan 27, 2020","4.2074","4.1842","4.2318","4.1797","0.62%"
"Jan 24, 2020","4.1814","4.1707","4.1918","4.1649","0.27%"
"Jan 23, 2020","4.1703","4.1832","4.1906","4.1554","-0.29%"
"Jan 22, 2020","4.1826","4.2020","4.2057","4.1724","-0.71%"
"Jan 21, 2020","4.2123","4.1894","4.2178","4.1830","0.54%"
"Jan 20, 2020","4.1898","4.1658","4.1922","4.1628","0.68%"
"Jan 17, 2020","4.1616","4.1851","4.1936","4.1588","-0.55%"
"Jan 16, 2020","4.1847","4.1756","4.2011","4.1593","0.23%"
"Jan 15, 2020","4.1753","4.1322","4.1863","4.1310","1.03%"
"Jan 14, 2020","4.1326","4.1474","4.1618","4.1214","-0.34%"
"Jan 13, 2020","4.1466","4.0907","4.1469","4.0885","1.24%"
"Jan 10, 2020","4.0960","4.0936","4.1051","4.0615","0.09%"
"Jan 09, 2020","4.0925","4.0645","4.0935","4.0574","0.68%"
"Jan 08, 2020","4.0647","4.0676","4.0788","4.0399","-0.07%"
"Jan 07, 2020","4.0676","4.0620","4.0928","4.0549","0.15%"
"Jan 06, 2020","4.0616","4.0567","4.0746","4.0463","-0.13%"
"Jan 03, 2020","4.0669","4.0251","4.0720","4.0251","1.02%"
"Jan 02, 2020","4.0260","4.0197","4.0413","4.0037","0.16%"
"Jan 01, 2020","4.0195","4.0195","4.0195","4.0195","0.01%"
"Dec 31, 2019","4.0190","4.0197","4.0198","4.0194","-0.00%"
"Dec 30, 2019","4.0191","4.0490","4.0490","4.0083","-0.66%"
"Dec 27, 2019","4.0456","4.0566","4.0620","4.0347","-0.25%"
"Dec 26, 2019","4.0557","4.0825","4.0825","4.0457","-0.69%"
"Dec 25, 2019","4.0838","4.0838","4.0838","4.0838","0.01%"
"Dec 24, 2019","4.0833","4.0838","4.0838","4.0838","0.00%"
"Dec 23, 2019","4.0833","4.1020","4.1020","4.0574","-0.46%"
"Dec 20, 2019","4.1022","4.0704","4.1026","4.0580","0.81%"
"Dec 19, 2019","4.0694","4.0634","4.0706","4.0508","0.16%"
"Dec 18, 2019","4.0630","4.0684","4.0767","4.0462","-0.21%"
"Dec 17, 2019","4.0716","4.0631","4.0785","4.0506","0.22%"
"Dec 16, 2019","4.0628","4.1104","4.1104","4.0547","-1.10%"
"Dec 13, 2019","4.1080","4.0920","4.1185","4.0752","0.43%"
"Dec 12, 2019","4.0905","4.1241","4.1316","4.0817","-0.81%"
"Dec 11, 2019","4.1238","4.1463","4.1467","4.1076","-0.55%"
"Dec 10, 2019","4.1467","4.1427","4.1516","4.1326","0.11%"
"Dec 09, 2019","4.1422","4.1415","4.1613","4.1239","0.03%"
"Dec 06, 2019","4.1411","4.1859","4.1951","4.1340","-1.06%"
"Dec 05, 2019","4.1856","4.2077","4.2238","4.1765","-0.53%"
"Dec 04, 2019","4.2077","4.2054","4.2109","4.1827","0.03%"
"Dec 03, 2019","4.2063","4.2236","4.2245","4.1849","-0.40%"
"Dec 02, 2019","4.2230","4.2362","4.2541","4.2078","-0.32%"
"Nov 29, 2019","4.2364","4.1894","4.2460","4.1830","1.11%"
"Nov 28, 2019","4.1900","4.2641","4.2659","4.1901","-1.73%"
"Nov 27, 2019","4.2636","4.2295","4.2713","4.2265","0.72%"
"Nov 26, 2019","4.2330","4.2269","4.2778","4.2269","0.15%"
"Nov 25, 2019","4.2266","4.1989","4.2312","4.1874","0.72%"
"Nov 22, 2019","4.1962","4.1940","4.2013","4.1725","0.08%"
"Nov 21, 2019","4.1930","4.1950","4.2244","4.1830","-0.06%"
"Nov 20, 2019","4.1955","4.1933","4.1980","4.1933","0.03%"
"Nov 19, 2019","4.1942","4.2055","4.2197","4.1859","-0.56%"
"Nov 18, 2019","4.2177","4.1785","4.2196","4.1697","0.52%"
"Nov 15, 2019","4.1957","4.1958","4.1962","4.1958","0.02%"
"Nov 14, 2019","4.1949","4.1698","4.1993","4.1627","0.59%"
"Nov 13, 2019","4.1702","4.1693","4.1904","4.1634","0.06%"
"Nov 12, 2019","4.1675","4.1529","4.1878","4.1427","0.38%"
"Nov 11, 2019","4.1516","4.1679","4.1716","4.1355","-0.28%"
"Nov 08, 2019","4.1633","4.1146","4.1709","4.1081","1.53%"
"Nov 07, 2019","4.1004","4.0840","4.1034","4.0420","0.42%"
"Nov 06, 2019","4.0834","3.9935","4.0904","3.9753","2.25%"
"Nov 05, 2019","3.9935","4.0123","4.0243","3.9831","-0.54%"
"Nov 04, 2019","4.0152","3.9894","4.0199","3.9750","0.64%"
"Nov 01, 2019","3.9897","4.0173","4.0211","3.9692","-0.69%"
"Oct 31, 2019","4.0174","3.9925","4.0378","3.9637","0.70%"
"Oct 30, 2019","3.9895","3.9990","4.0324","3.9815","-0.21%"
"Oct 29, 2019","3.9980","3.9911","4.0052","3.9835","0.20%"
"Oct 28, 2019","3.9902","4.0028","4.0098","3.9724","-0.32%"
"Oct 25, 2019","4.0029","4.0420","4.0420","3.9914","-0.92%"
"Oct 24, 2019","4.0401","4.0368","4.0458","3.9985","0.16%"
"Oct 23, 2019","4.0337","4.0806","4.0925","4.0281","-1.18%"
"Oct 22, 2019","4.0817","4.1294","4.1320","4.0609","-1.13%"
"Oct 21, 2019","4.1285","4.1118","4.1523","4.1112","0.44%"
"Oct 18, 2019","4.1105","4.1637","4.1657","4.1097","-1.26%"
"Oct 17, 2019","4.1630","4.1509","4.1816","4.1263","0.30%"
"Oct 16, 2019","4.1505","4.1803","4.1873","4.1469","-0.72%"
"Oct 15, 2019","4.1805","4.1262","4.1817","4.1213","1.33%"
"Oct 14, 2019","4.1255","4.1064","4.1382","4.1064","0.39%"
"Oct 11, 2019","4.1094","4.1080","4.1266","4.0805","0.01%"
"Oct 10, 2019","4.1089","4.1096","4.1378","4.0894","0.00%"
"Oct 09, 2019","4.1089","4.0953","4.1112","4.0697","0.36%"
"Oct 08, 2019","4.0942","4.1071","4.1132","4.0734","-0.31%"
"Oct 07, 2019","4.1068","4.0561","4.1102","4.0560","1.27%"
"Oct 04, 2019","4.0551","4.0842","4.0863","4.0498","-0.69%"
"Oct 03, 2019","4.0832","4.1290","4.1304","4.0742","-1.10%"
"Oct 02, 2019","4.1287","4.1575","4.1824","4.1272","-0.70%"
"Oct 01, 2019","4.1578","4.1564","4.1858","4.1522","0.06%"
"Sep 30, 2019","4.1551","4.1625","4.1722","4.1415","-0.12%"
"Sep 27, 2019","4.1599","4.1705","4.1712","4.1445","-0.26%"
"Sep 26, 2019","4.1707","4.1483","4.1733","4.1214","0.55%"
"Sep 25, 2019","4.1477","4.1638","4.1948","4.1445","-0.41%"
"Sep 24, 2019","4.1647","4.1642","4.1844","4.1536","0.04%"
"Sep 23, 2019","4.1629","4.1500","4.1847","4.1444","0.38%"
"Sep 20, 2019","4.1472","4.1673","4.1839","4.1459","-0.48%"
"Sep 19, 2019","4.1672","4.1108","4.1690","4.1073","1.38%"
"Sep 18, 2019","4.1106","4.0775","4.1146","4.0728","0.82%"
"Sep 17, 2019","4.0773","4.0950","4.1174","4.0718","-0.07%"
"Sep 16, 2019","4.0801","4.0858","4.1067","4.0750","-0.10%"
"Sep 13, 2019","4.0840","4.0621","4.0957","4.0424","0.59%"
"Sep 12, 2019","4.0602","4.0679","4.0710","4.0265","-0.17%"
"Sep 11, 2019","4.0671","4.0807","4.0926","4.0511","-0.31%"
"Sep 10, 2019","4.0798","4.0956","4.1297","4.0789","-0.35%"
"Sep 09, 2019","4.0943","4.0630","4.1044","4.0477","0.83%"
"Sep 06, 2019","4.0607","4.1086","4.1086","4.0534","-1.15%"
"Sep 05, 2019","4.1081","4.0949","4.1152","4.0695","0.32%"
"Sep 04, 2019","4.0948","4.1674","4.1678","4.0889","-1.75%"
"Sep 03, 2019","4.1678","4.1858","4.1864","4.1505","-0.43%"
"Sep 02, 2019","4.1857","4.1440","4.1894","4.1410","0.99%"
"Aug 30, 2019","4.1445","4.1693","4.1712","4.1202","-0.58%"
"Aug 29, 2019","4.1685","4.1691","4.1779","4.1423","0.02%"
"Aug 28, 2019","4.1677","4.1264","4.1690","4.1263","0.91%"
"Aug 27, 2019","4.1300","4.1573","4.1949","4.1206","-0.65%"
"Aug 26, 2019","4.1569","4.1200","4.1693","4.1030","0.91%"
"Aug 23, 2019","4.1196","4.0704","4.1324","4.0500","1.21%"
"Aug 22, 2019","4.0704","4.0262","4.0818","4.0168","1.10%"
"Aug 21, 2019","4.0260","4.0539","4.0549","4.0134","-0.66%"
"Aug 20, 2019","4.0529","4.0743","4.0749","4.0261","-0.52%"
"Aug 19, 2019","4.0740","4.0030","4.0760","3.9904","1.71%"
"Aug 16, 2019","4.0054","3.9917","4.0083","3.9754","0.37%"
"Aug 15, 2019","3.9908","4.0516","4.0522","3.9790","-1.52%"
"Aug 14, 2019","4.0522","3.9637","4.0540","3.9630","2.21%"
"Aug 13, 2019","3.9646","3.9849","4.0128","3.9448","-0.52%"
"Aug 12, 2019","3.9853","3.9402","4.0132","3.9390","1.13%"
"Aug 09, 2019","3.9406","3.9195","3.9502","3.9191","0.56%"
"Aug 08, 2019","3.9188","3.9690","3.9697","3.9179","-1.24%"
"Aug 07, 2019","3.9682","3.9615","3.9929","3.9450","0.20%"
"Aug 06, 2019","3.9603","3.9760","3.9864","3.9358","-0.44%"
"Aug 05, 2019","3.9778","3.8864","3.9789","3.8864","2.30%"
"Aug 02, 2019","3.8883","3.8403","3.8935","3.8388","1.29%"
"Aug 01, 2019","3.8388","3.8154","3.8612","3.8107","0.69%"
"Jul 31, 2019","3.8125","3.7896","3.8238","3.7478","0.60%"
"Jul 30, 2019","3.7896","3.7818","3.7998","3.7752","0.22%"
"Jul 29, 2019","3.7813","3.7748","3.8012","3.7747","0.16%"
"Jul 26, 2019","3.7753","3.7791","3.7945","3.7591","-0.08%"
"Jul 25, 2019","3.7783","3.7740","3.8068","3.7550","0.15%"
"Jul 24, 2019","3.7726","3.7742","3.7791","3.7519","-0.02%"
"Jul 23, 2019","3.7735","3.7406","3.7801","3.7405","0.89%"
"Jul 22, 2019","3.7403","3.7462","3.7483","3.7292","-0.21%"
"Jul 19, 2019","3.7481","3.7188","3.7543","3.7188","0.79%"
"Jul 18, 2019","3.7187","3.7641","3.7642","3.7178","-1.18%"
"Jul 17, 2019","3.7632","3.7685","3.7687","3.7540","-0.13%"
"Jul 16, 2019","3.7680","3.7552","3.7717","3.7517","0.33%"
"Jul 15, 2019","3.7555","3.7365","3.7583","3.7278","0.53%"
"Jul 12, 2019","3.7358","3.7563","3.7636","3.7296","-0.48%"
"Jul 11, 2019","3.7540","3.7539","3.7672","3.7345","-0.01%"
"Jul 10, 2019","3.7543","3.7887","3.7943","3.7503","-1.20%"
"Jul 09, 2019","3.8000","3.8073","3.8073","3.8005","-0.17%"
"Jul 08, 2019","3.8063","3.8160","3.8175","3.7988","-0.40%"
"Jul 05, 2019","3.8215","3.8022","3.8386","3.7978","0.54%"
"Jul 04, 2019","3.8008","3.8266","3.8300","3.7834","-0.65%"
"Jul 03, 2019","3.8258","3.8456","3.8752","3.8150","-0.49%"
"Jul 02, 2019","3.8447","3.8408","3.8812","3.8180","0.12%"
"Jul 01, 2019","3.8401","3.8373","3.8492","3.8089","-0.30%"
"Jun 28, 2019","3.8518","3.8193","3.8520","3.8136","0.85%"
"Jun 27, 2019","3.8194","3.8461","3.8733","3.8172","-0.62%"
"Jun 26, 2019","3.8433","3.8469","3.8586","3.8305","-0.12%"
"Jun 25, 2019","3.8478","3.8272","3.8596","3.8182","0.60%"
"Jun 24, 2019","3.8248","3.8220","3.8381","3.8066","0.15%"
"Jun 21, 2019","3.8190","3.8317","3.8463","3.8127","-0.51%"
"Jun 20, 2019","3.8386","3.8386","3.8395","3.8386","-0.01%"
"Jun 19, 2019","3.8388","3.8606","3.8844","3.8383","-0.54%"
"Jun 18, 2019","3.8595","3.8893","3.8893","3.8486","-0.74%"
"Jun 17, 2019","3.8881","3.8977","3.9249","3.8797","-0.19%"
"Jun 14, 2019","3.8956","3.8491","3.9139","3.8480","1.22%"
"Jun 13, 2019","3.8485","3.8672","3.8674","3.8345","-0.48%"
"Jun 12, 2019","3.8669","3.8574","3.8723","3.8296","0.26%"
"Jun 11, 2019","3.8569","3.8870","3.8870","3.8423","-0.78%"
"Jun 10, 2019","3.8874","3.8760","3.8996","3.8668","0.26%"
"Jun 07, 2019","3.8774","3.8793","3.8858","3.8496","-0.05%"
"Jun 06, 2019","3.8795","3.8812","3.8881","3.8567","-0.03%"
"Jun 05, 2019","3.8808","3.8576","3.9039","3.8365","0.69%"
"Jun 04, 2019","3.8542","3.8863","3.8898","3.8482","-0.80%"
"Jun 03, 2019","3.8851","3.9232","3.9344","3.8822","-0.94%"
"May 31, 2019","3.9218","3.9799","3.9986","3.9086","-1.50%"
"May 30, 2019","3.9816","3.9743","3.9937","3.9544","0.19%"
"May 29, 2019","3.9742","4.0248","4.0409","3.9679","-1.24%"
"May 28, 2019","4.0243","4.0430","4.0541","4.0101","-0.41%"
"May 27, 2019","4.0410","4.0131","4.0431","4.0040","0.49%"
"May 24, 2019","4.0213","4.0416","4.0479","4.0086","-0.45%"
"May 23, 2019","4.0394","4.0402","4.0716","4.0253","-0.01%"
"May 22, 2019","4.0400","4.0394","4.0531","4.0068","0.03%"
"May 21, 2019","4.0387","4.0967","4.1138","4.0331","-1.41%"
"May 20, 2019","4.0963","4.1013","4.1221","4.0777","-0.08%"
"May 17, 2019","4.0997","4.0479","4.1133","4.0474","1.31%"
"May 16, 2019","4.0467","4.0013","4.0546","3.9938","1.14%"
"May 15, 2019","4.0012","3.9764","4.0219","3.9736","0.67%"
"May 14, 2019","3.9745","3.9935","3.9953","3.9660","-0.45%"
"May 13, 2019","3.9925","3.9771","4.0050","3.9727","0.91%"
"May 10, 2019","3.9566","3.9467","3.9738","3.9363","0.28%"
"May 09, 2019","3.9456","3.9276","3.9815","3.9276","0.45%"
"May 08, 2019","3.9279","3.9705","3.9783","3.9252","-1.06%"
"May 07, 2019","3.9700","3.9705","4.0003","3.9639","0.04%"
"May 06, 2019","3.9683","3.9383","3.9747","3.9378","0.77%"
"May 03, 2019","3.9378","3.9667","3.9683","3.9306","-0.70%"
"May 02, 2019","3.9654","3.9200","3.9721","3.9175","1.17%"
"May 01, 2019","3.9195","3.9196","3.9220","3.9176","-0.03%"
"Apr 30, 2019","3.9207","3.9455","3.9573","3.9128","-0.60%"
"Apr 29, 2019","3.9442","3.9300","3.9461","3.9207","0.39%"
"Apr 26, 2019","3.9288","3.9502","3.9759","3.9197","-0.61%"
"Apr 25, 2019","3.9530","3.9910","4.0065","3.9462","-0.98%"
"Apr 24, 2019","3.9922","3.9214","3.9943","3.9186","1.85%"
"Apr 23, 2019","3.9197","3.9360","3.9642","3.9121","-0.41%"
"Apr 22, 2019","3.9358","3.9270","3.9393","3.9130","0.25%"
"Apr 19, 2019","3.9260","3.9272","3.9275","3.9272","-0.00%"
"Apr 18, 2019","3.9261","3.9399","3.9518","3.9039","-0.28%"
"Apr 17, 2019","3.9373","3.9051","3.9476","3.8856","0.88%"
"Apr 16, 2019","3.9031","3.8724","3.9083","3.8681","0.80%"
"Apr 15, 2019","3.8720","3.8819","3.8909","3.8591","-0.24%"
"Apr 12, 2019","3.8812","3.8585","3.9081","3.8570","0.63%"
"Apr 11, 2019","3.8570","3.8253","3.8633","3.8253","0.84%"
"Apr 10, 2019","3.8247","3.8510","3.8549","3.8147","-0.66%"
"Apr 09, 2019","3.8502","3.8495","3.8646","3.8459","0.03%"
"Apr 08, 2019","3.8490","3.8728","3.8772","3.8417","-0.62%"
"Apr 05, 2019","3.8730","3.8589","3.8768","3.8420","0.36%"
"Apr 04, 2019","3.8590","3.8708","3.8876","3.8472","-0.28%"
"Apr 03, 2019","3.8700","3.8538","3.8824","3.8327","0.42%"
"Apr 02, 2019","3.8537","3.8523","3.8800","3.8483","0.05%"
"Apr 01, 2019","3.8518","3.8897","3.8932","3.8492","-1.86%"
"Mar 29, 2019","3.9247","3.9016","3.9347","3.8679","0.61%"
"Mar 28, 2019","3.9010","3.9927","4.0159","3.8982","-2.32%"
"Mar 27, 2019","3.9935","3.8739","4.0019","3.8725","3.00%"
"Mar 26, 2019","3.8773","3.8529","3.8794","3.8333","0.59%"
"Mar 25, 2019","3.8544","3.9047","3.9374","3.8438","-1.35%"
"Mar 22, 2019","3.9071","3.7928","3.9169","3.7928","3.01%"
"Mar 21, 2019","3.7930","3.7761","3.8382","3.7639","0.44%"
"Mar 20, 2019","3.7763","3.7921","3.7994","3.7386","-0.34%"
"Mar 19, 2019","3.7891","3.7912","3.8001","3.7647","-0.06%"
"Mar 18, 2019","3.7915","3.8161","3.8277","3.7832","-0.60%"
"Mar 15, 2019","3.8144","3.8453","3.8725","3.8081","-0.78%"
"Mar 14, 2019","3.8443","3.8157","3.8556","3.8142","0.78%"
"Mar 13, 2019","3.8147","3.8113","3.8352","3.7995","0.09%"
"Mar 12, 2019","3.8114","3.8399","3.8445","3.8009","-0.75%"
"Mar 11, 2019","3.8403","3.8678","3.8685","3.8342","-0.69%"
"Mar 08, 2019","3.8668","3.8708","3.9032","3.8493","-0.09%"
"Mar 07, 2019","3.8704","3.8405","3.9028","3.8159","0.79%"
"Mar 06, 2019","3.8401","3.7763","3.8451","3.7746","1.71%"
"Mar 05, 2019","3.7755","3.7755","3.7755","3.7755","0.00%"
"Mar 04, 2019","3.7755","3.7742","3.7755","3.7742","0.01%"
"Mar 01, 2019","3.7752","3.7511","3.7957","3.7456","0.63%"
"Feb 28, 2019","3.7514","3.7258","3.7592","3.7171","0.61%"
"Feb 27, 2019","3.7287","3.7444","3.7478","3.7217","-0.54%"
"Feb 26, 2019","3.7489","3.7519","3.7666","3.7378","-0.09%"
"Feb 25, 2019","3.7521","3.7468","3.7523","3.7193","0.10%"
"Feb 22, 2019","3.7485","3.7683","3.7683","3.7262","-0.56%"
"Feb 21, 2019","3.7696","3.7256","3.7721","3.7149","1.12%"
"Feb 20, 2019","3.7277","3.7243","3.7372","3.6900","0.12%"
"Feb 19, 2019","3.7231","3.7334","3.7449","3.7029","-0.33%"
"Feb 18, 2019","3.7353","3.7012","3.7422","3.7012","0.93%"
"Feb 15, 2019","3.7008","3.7203","3.7264","3.6983","-0.60%"
"Feb 14, 2019","3.7233","3.7514","3.7952","3.7137","-0.83%"
"Feb 13, 2019","3.7544","3.7104","3.7619","3.7104","1.20%"
"Feb 12, 2019","3.7098","3.7437","3.7470","3.7021","-1.27%"
"Feb 11, 2019","3.7577","3.7312","3.7747","3.7274","0.76%"
"Feb 08, 2019","3.7292","3.7195","3.7477","3.7027","0.34%"
"Feb 07, 2019","3.7167","3.6996","3.7375","3.6990","0.50%"
"Feb 06, 2019","3.6983","3.6696","3.7161","3.6672","0.78%"
"Feb 05, 2019","3.6698","3.6637","3.6846","3.6610","0.03%"
"Feb 04, 2019","3.6687","3.6597","3.6877","3.6592","0.25%"
"Feb 01, 2019","3.6597","3.6455","3.6822","3.6376","0.43%"
"Jan 31, 2019","3.6440","3.6865","3.6865","3.6358","-1.11%"
"Jan 30, 2019","3.6850","3.7205","3.7321","3.6741","-0.95%"
"Jan 29, 2019","3.7202","3.7617","3.7648","3.7150","-1.11%"
"Jan 28, 2019","3.7619","3.7780","3.7878","3.7500","-0.24%"
"Jan 25, 2019","3.7708","3.7713","3.7713","3.7708","-0.07%"
"Jan 24, 2019","3.7733","3.7746","3.7955","3.7381","0.19%"
"Jan 23, 2019","3.7663","3.7943","3.8134","3.7561","-1.28%"
"Jan 22, 2019","3.8152","3.7545","3.8173","3.7457","1.60%"
"Jan 21, 2019","3.7550","3.7609","3.7811","3.7541","0.09%"
"Jan 18, 2019","3.7517","3.7480","3.7743","3.7285","0.03%"
"Jan 17, 2019","3.7504","3.7329","3.7744","3.7262","0.37%"
"Jan 16, 2019","3.7366","3.7151","3.7381","3.7084","0.52%"
"Jan 15, 2019","3.7172","3.7024","3.7325","3.6947","0.49%"
"Jan 14, 2019","3.6991","3.7121","3.7357","3.6846","-0.33%"
"Jan 11, 2019","3.7113","3.6943","3.7300","3.6913","0.02%"
"Jan 10, 2019","3.7105","3.6807","3.7249","3.6746","0.81%"
"Jan 09, 2019","3.6807","3.7138","3.7155","3.6743","-0.88%"
"Jan 08, 2019","3.7133","3.7373","3.7412","3.7034","-0.60%"
"Jan 07, 2019","3.7356","3.7139","3.7384","3.6898","0.54%"
"Jan 04, 2019","3.7155","3.7593","3.7850","3.7088","-1.09%"
"Jan 03, 2019","3.7565","3.7960","3.8074","3.7376","-0.88%"
"Jan 02, 2019","3.7900","3.8786","3.8971","3.7828","-2.35%"
"Jan 01, 2019","3.8813","3.8813","3.8813","3.8813","0.00%"
"Dec 31, 2018","3.8813","3.8813","3.8813","3.8813","0.00%"
"Dec 28, 2018","3.8813","3.8769","3.8956","3.8298","0.20%"
"Dec 27, 2018","3.8735","3.9202","3.9456","3.8685","-1.24%"
"Dec 26, 2018","3.9220","3.9040","3.9405","3.8918","0.46%"
"Dec 25, 2018","3.9040","3.9040","3.9040","3.9040","0.00%"
"Dec 24, 2018","3.9040","3.9040","3.9040","3.9040","0.00%"
"Dec 21, 2018","3.9040","3.8408","3.9071","3.8393","1.61%"
"Dec 20, 2018","3.8422","3.8971","3.8971","3.8327","-1.42%"
"Dec 19, 2018","3.8977","3.9015","3.9138","3.8634","-0.38%"
"Dec 18, 2018","3.9124","3.8970","3.9173","3.8836","0.33%"
"Dec 17, 2018","3.8995","3.9173","3.9285","3.8772","-0.45%"
"Dec 14, 2018","3.9171","3.9113","3.9210","3.8877","0.67%"
"Dec 13, 2018","3.8911","3.8551","3.8974","3.8507","0.92%"
"Dec 12, 2018","3.8555","3.8936","3.8997","3.8362","-1.24%"
"Dec 11, 2018","3.9040","3.9202","3.9226","3.8876","-0.36%"
"Dec 10, 2018","3.9181","3.9076","3.9455","3.8914","0.27%"
"Dec 07, 2018","3.9075","3.8817","3.9239","3.8571","0.73%"
"Dec 06, 2018","3.8793","3.8910","3.9445","3.8733","0.28%"
"Dec 05, 2018","3.8686","3.8517","3.8832","3.8341","0.42%"
"Dec 04, 2018","3.8525","3.8290","3.8675","3.8177","0.27%"
"Dec 03, 2018","3.8423","3.8677","3.8677","3.8161","-0.64%"
"Nov 30, 2018","3.8669","3.8496","3.8888","3.8380","0.37%"
"Nov 29, 2018","3.8527","3.8516","3.8752","3.8331","0.04%"
"Nov 28, 2018","3.8510","3.8790","3.8878","3.8317","-0.62%"
"Nov 27, 2018","3.8752","3.9228","3.9241","3.8619","-1.67%"
"Nov 26, 2018","3.9410","3.8184","3.9452","3.8171","2.94%"
"Nov 23, 2018","3.8283","3.8035","3.8306","3.7948","0.63%"
"Nov 22, 2018","3.8045","3.7904","3.8269","3.7902","0.18%"
"Nov 21, 2018","3.7976","3.7560","3.8034","3.7560","1.08%"
"Nov 20, 2018","3.7572","3.7563","3.7572","3.7563","0.01%"
"Nov 19, 2018","3.7570","3.7473","3.7736","3.7427","0.36%"
"Nov 16, 2018","3.7435","3.7723","3.7827","3.7296","-1.08%"
"Nov 15, 2018","3.7843","3.7843","3.7843","3.7843","0.01%"
"Nov 14, 2018","3.7841","3.8032","3.8194","3.7661","-0.50%"
"Nov 13, 2018","3.8032","3.7561","3.8313","3.7529","0.95%"
"Nov 12, 2018","3.7675","3.7487","3.7696","3.7361","0.91%"
"Nov 09, 2018","3.7335","3.7610","3.7750","3.7252","-0.72%"
"Nov 08, 2018","3.7605","3.7297","3.7642","3.7158","0.77%"
"Nov 07, 2018","3.7318","3.7618","3.7874","3.7220","-0.79%"
"Nov 06, 2018","3.7615","3.7270","3.7701","3.7237","0.95%"
"Nov 05, 2018","3.7262","3.6968","3.7326","3.6910","0.80%"
"Nov 02, 2018","3.6968","3.7039","3.7039","3.6963","-0.12%"
"Nov 01, 2018","3.7012","3.7231","3.7241","3.6799","-0.56%"
"Oct 31, 2018","3.7220","3.6969","3.7445","3.6854","0.67%"
"Oct 30, 2018","3.6974","3.7175","3.7359","3.6768","-0.57%"
"Oct 29, 2018","3.7187","3.6437","3.7226","3.5819","2.08%"
"Oct 26, 2018","3.6429","3.7059","3.7302","3.6395","-1.70%"
"Oct 25, 2018","3.7058","3.7361","3.7361","3.6818","-0.78%"
"Oct 24, 2018","3.7350","3.6950","3.7475","3.6827","1.10%"
"Oct 23, 2018","3.6942","3.6883","3.7237","3.6856","0.22%"
"Oct 22, 2018","3.6860","3.6954","3.7214","3.6698","-0.78%"
"Oct 19, 2018","3.7149","3.7220","3.7273","3.6875","-0.18%"
"Oct 18, 2018","3.7216","3.6875","3.7313","3.6726","0.92%"
"Oct 17, 2018","3.6875","3.7242","3.7460","3.6640","-1.01%"
"Oct 16, 2018","3.7252","3.7355","3.7363","3.6913","-0.28%"
"Oct 15, 2018","3.7357","3.7561","3.7645","3.7125","-1.25%"
"Oct 12, 2018","3.7830","3.7838","3.7838","3.7824","0.05%"
"Oct 11, 2018","3.7812","3.7565","3.7858","3.7159","0.68%"
"Oct 10, 2018","3.7555","3.7163","3.7687","3.7109","1.08%"
"Oct 09, 2018","3.7155","3.7818","3.7911","3.7005","-1.68%"
"Oct 08, 2018","3.7790","3.7275","3.7826","3.7094","-1.62%"
"Oct 05, 2018","3.8413","3.8742","3.8950","3.8376","-0.86%"
"Oct 04, 2018","3.8745","3.9017","3.9355","3.8732","-0.69%"
"Oct 03, 2018","3.9015","3.9415","3.9415","3.8220","-1.01%"
"Oct 02, 2018","3.9414","4.0186","4.0188","3.9058","-1.91%"
"Oct 01, 2018","4.0181","4.0500","4.0633","4.0037","-0.77%"
"Sep 28, 2018","4.0491","4.0147","4.0580","3.9898","0.92%"
"Sep 27, 2018","4.0123","4.0343","4.0553","3.9665","-0.49%"
"Sep 26, 2018","4.0322","4.0792","4.0945","4.0095","-1.07%"
"Sep 25, 2018","4.0757","4.0893","4.1418","4.0682","-0.42%"
"Sep 24, 2018","4.0928","4.0656","4.0975","4.0362","1.02%"
"Sep 21, 2018","4.0516","4.0770","4.0958","4.0278","-0.63%"
"Sep 20, 2018","4.0771","4.1273","4.1311","4.0671","-1.32%"
"Sep 19, 2018","4.1315","4.1631","4.1762","4.0976","-0.69%"
"Sep 18, 2018","4.1604","4.1342","4.1651","4.1174","0.68%"
"Sep 17, 2018","4.1324","4.1744","4.2041","4.1159","-1.00%"
"Sep 14, 2018","4.1742","4.2063","4.2105","4.1579","-0.80%"
"Sep 13, 2018","4.2077","4.1616","4.2101","4.1244","1.20%"
"Sep 12, 2018","4.1579","4.1528","4.1677","4.1106","0.11%"
"Sep 11, 2018","4.1535","4.0864","4.1798","4.0864","1.63%"
"Sep 10, 2018","4.0867","4.0679","4.1280","4.0524","0.67%"
"Sep 07, 2018","4.0597","4.0597","4.0597","4.0597","0.02%"
"Sep 06, 2018","4.0590","4.1448","4.1658","4.0357","-2.11%"
"Sep 05, 2018","4.1466","4.1570","4.1863","4.1119","-0.33%"
"Sep 04, 2018","4.1602","4.1566","4.1908","4.1375","0.03%"
"Sep 03, 2018","4.1590","4.0926","4.1606","4.0916","2.55%"
"Aug 31, 2018","4.0556","4.1486","4.1776","4.0532","-2.26%"
"Aug 30, 2018","4.1495","4.1057","4.2150","4.1029","1.02%"
"Aug 29, 2018","4.1074","4.1389","4.1647","4.1016","-0.65%"
"Aug 28, 2018","4.1342","4.0797","4.1475","4.0617","1.39%"
"Aug 27, 2018","4.0775","4.1055","4.1144","4.0470","-0.60%"
"Aug 24, 2018","4.1020","4.1146","4.1326","4.0720","-0.33%"
"Aug 23, 2018","4.1155","4.0418","4.1284","4.0408","1.81%"
"Aug 22, 2018","4.0425","4.0507","4.0915","4.0312","-0.13%"
"Aug 21, 2018","4.0477","3.9697","4.0533","3.9558","1.96%"
"Aug 20, 2018","3.9700","3.9139","3.9715","3.9139","1.49%"
"Aug 17, 2018","3.9116","3.9078","3.9537","3.9036","0.11%"
"Aug 16, 2018","3.9072","3.9055","3.9297","3.8672","0.04%"
"Aug 15, 2018","3.9055","3.8665","3.9275","3.8660","0.99%"
"Aug 14, 2018","3.8673","3.8849","3.9038","3.8590","-0.43%"
"Aug 13, 2018","3.8840","3.8585","3.9292","3.8585","0.63%"
"Aug 10, 2018","3.8596","3.8020","3.8746","3.8009","1.53%"
"Aug 09, 2018","3.8015","3.7718","3.8217","3.7718","0.78%"
"Aug 08, 2018","3.7721","3.7525","3.7734","3.7355","0.55%"
"Aug 07, 2018","3.7515","3.7370","3.7723","3.7033","0.41%"
"Aug 06, 2018","3.7363","3.7048","3.7372","3.6902","0.76%"
"Aug 03, 2018","3.7080","3.7519","3.7539","3.7000","-1.13%"
"Aug 02, 2018","3.7503","3.7520","3.7822","3.7491","0.01%"
"Aug 01, 2018","3.7499","3.7565","3.7703","3.7310","-0.17%"
"Jul 31, 2018","3.7563","3.7300","3.7645","3.7220","0.69%"
"Jul 30, 2018","3.7307","3.7139","3.7323","3.6956","0.52%"
"Jul 27, 2018","3.7114","3.7464","3.7477","3.7065","-0.93%"
"Jul 26, 2018","3.7462","3.6886","3.7483","3.6886","1.56%"
"Jul 25, 2018","3.6886","3.7483","3.7485","3.6886","-1.59%"
"Jul 24, 2018","3.7481","3.7833","3.7872","3.7321","-0.91%"
"Jul 23, 2018","3.7826","3.7662","3.8028","3.7662","0.38%"
"Jul 20, 2018","3.7681","3.8319","3.8319","3.7584","-1.60%"
"Jul 19, 2018","3.8295","3.8495","3.8923","3.8225","-0.56%"
"Jul 18, 2018","3.8512","3.8373","3.8647","3.8190","0.32%"
"Jul 17, 2018","3.8388","3.8634","3.8801","3.8386","-0.56%"
"Jul 16, 2018","3.8605","3.8516","3.8742","3.8337","0.23%"
"Jul 13, 2018","3.8518","3.8821","3.9005","3.8441","-0.78%"
"Jul 12, 2018","3.8822","3.8744","3.9030","3.8373","0.13%"
"Jul 11, 2018","3.8773","3.8169","3.8859","3.8135","1.63%"
"Jul 10, 2018","3.8152","3.8836","3.8872","3.7936","-1.48%"
"Jul 09, 2018","3.8727","3.8653","3.8727","3.8649","0.26%"
"Jul 06, 2018","3.8628","3.9322","3.9529","3.8594","-1.78%"
"Jul 05, 2018","3.9327","3.9133","3.9417","3.8855","0.49%"
"Jul 04, 2018","3.9137","3.8941","3.9194","3.8855","0.42%"
"Jul 03, 2018","3.8975","3.9125","3.9152","3.8731","-0.39%"
"Jul 02, 2018","3.9129","3.8790","3.9207","3.8761","0.92%"
"Jun 29, 2018","3.8771","3.8582","3.8801","3.8283","0.38%"
"Jun 28, 2018","3.8624","3.8611","3.8779","3.8350","-0.01%"
"Jun 27, 2018","3.8628","3.7990","3.8773","3.7904","1.61%"
"Jun 26, 2018","3.8016","3.7740","3.8033","3.7612","0.66%"
"Jun 25, 2018","3.7767","3.7887","3.7887","3.7618","-0.25%"
"Jun 22, 2018","3.7860","3.7687","3.7896","3.7353","0.45%"
"Jun 21, 2018","3.7691","3.7697","3.8048","3.7535","-0.06%"
"Jun 20, 2018","3.7715","3.7447","3.7868","3.7058","0.65%"
"Jun 19, 2018","3.7471","3.7471","3.7864","3.7178","0.00%"
"Jun 18, 2018","3.7470","3.7310","3.7661","3.7282","0.47%"
"Jun 15, 2018","3.7296","3.8060","3.8060","3.7147","-2.01%"
"Jun 14, 2018","3.8060","3.7208","3.8161","3.6862","2.31%"
"Jun 13, 2018","3.7201","3.7180","3.7386","3.6845","0.04%"
"Jun 12, 2018","3.7185","3.7075","3.7300","3.6685","0.24%"
"Jun 11, 2018","3.7097","3.7101","3.7306","3.6714","0.01%"
"Jun 08, 2018","3.7094","3.9032","3.9068","3.6928","-5.08%"
"Jun 07, 2018","3.9078","3.8489","3.9684","3.8466","1.53%"
"Jun 06, 2018","3.8488","3.8086","3.8555","3.8049","1.10%"
"Jun 05, 2018","3.8068","3.7452","3.8176","3.7452","1.60%"
"Jun 04, 2018","3.7468","3.7663","3.7671","3.7260","-0.44%"
"Jun 01, 2018","3.7633","3.7250","3.7706","3.7207","1.07%"
"May 31, 2018","3.7235","3.7251","3.7272","3.7235","-0.02%"
"May 30, 2018","3.7241","3.7249","3.7678","3.6794","-0.03%"
"May 29, 2018","3.7254","3.7346","3.7702","3.7117","-0.26%"
"May 28, 2018","3.7352","3.6522","3.7465","3.6520","2.27%"
"May 25, 2018","3.6524","3.6463","3.6791","3.6425","0.08%"
"May 24, 2018","3.6496","3.6275","3.6564","3.6273","0.57%"
"May 23, 2018","3.6288","3.6452","3.6799","3.6166","-0.44%"
"May 22, 2018","3.6448","3.6772","3.6789","3.6265","-0.88%"
"May 21, 2018","3.6772","3.7370","3.7382","3.6709","-1.60%"
"May 18, 2018","3.7370","3.6976","3.7772","3.6947","1.09%"
"May 17, 2018","3.6966","3.6749","3.7136","3.6444","0.56%"
"May 16, 2018","3.6761","3.6536","3.6955","3.6528","0.60%"
"May 15, 2018","3.6540","3.6239","3.6942","3.6218","0.85%"
"May 14, 2018","3.6231","3.5992","3.6412","3.5729","0.64%"
"May 11, 2018","3.5999","3.5495","3.6130","3.5434","1.40%"
"May 10, 2018","3.5502","3.5937","3.5950","3.5424","-1.17%"
"May 09, 2018","3.5924","3.5638","3.6101","3.5591","0.81%"
"May 08, 2018","3.5636","3.5514","3.5941","3.5509","0.29%"
"May 07, 2018","3.5534","3.5316","3.5598","3.5316","0.65%"
"May 04, 2018","3.5303","3.5274","3.5494","3.5141","0.06%"
"May 03, 2018","3.5282","3.5507","3.5673","3.5199","-0.66%"
"May 02, 2018","3.5518","3.5078","3.5547","3.5078","1.26%"
"May 01, 2018","3.5076","3.5075","3.5078","3.5074","0.01%"
"Apr 30, 2018","3.5072","3.4569","3.5095","3.4569","1.46%"
"Apr 27, 2018","3.4568","3.4764","3.4816","3.4533","-0.54%"
"Apr 26, 2018","3.4755","3.4851","3.5088","3.4745","-0.27%"
"Apr 25, 2018","3.4850","3.4742","3.5160","3.4706","0.39%"
"Apr 24, 2018","3.4714","3.4520","3.4813","3.4354","0.54%"
"Apr 23, 2018","3.4527","3.4142","3.4538","3.4142","1.16%"
"Apr 20, 2018","3.4130","3.3847","3.4182","3.3841","0.72%"
"Apr 19, 2018","3.3885","3.3811","3.4106","3.3802","0.24%"
"Apr 18, 2018","3.3805","3.4080","3.4097","3.3729","-0.81%"
"Apr 17, 2018","3.4080","3.4215","3.4217","3.3887","-0.33%"
"Apr 16, 2018","3.4194","3.4251","3.4362","3.4057","-0.08%"
"Apr 13, 2018","3.4223","3.4122","3.4308","3.3963","0.26%"
"Apr 12, 2018","3.4133","3.3752","3.4202","3.3651","1.15%"
"Apr 11, 2018","3.3746","3.4066","3.4247","3.3727","-1.00%"
"Apr 10, 2018","3.4088","3.4216","3.4357","3.4001","-0.33%"
"Apr 09, 2018","3.4200","3.3697","3.4247","3.3641","1.49%"
"Apr 06, 2018","3.3697","3.3453","3.3807","3.3424","0.74%"
"Apr 05, 2018","3.3449","3.3310","3.3500","3.2961","0.46%"
"Apr 04, 2018","3.3297","3.3411","3.3685","3.3269","-0.35%"
"Apr 03, 2018","3.3413","3.3095","3.3443","3.3026","0.91%"
"Apr 02, 2018","3.3112","3.3056","3.3251","3.2973","0.18%"
"Mar 30, 2018","3.3051","3.3044","3.3051","3.3040","-0.03%"
"Mar 29, 2018","3.3060","3.3211","3.3295","3.2926","-0.44%"
"Mar 28, 2018","3.3205","3.3288","3.3469","3.3195","-0.25%"
"Mar 27, 2018","3.3288","3.3120","3.3371","3.3098","0.51%"
"Mar 26, 2018","3.3119","3.3139","3.3146","3.2923","-0.01%"
"Mar 23, 2018","3.3123","3.3157","3.3190","3.2936","-0.11%"
"Mar 22, 2018","3.3159","3.2727","3.3176","3.2719","1.33%"
"Mar 21, 2018","3.2725","3.3127","3.3132","3.2635","-1.18%"
"Mar 20, 2018","3.3117","3.2858","3.3119","3.2788","0.78%"
"Mar 19, 2018","3.2862","3.2790","3.2969","3.2790","0.16%"
"Mar 16, 2018","3.2811","3.2862","3.2997","3.2719","-0.16%"
"Mar 15, 2018","3.2862","3.2626","3.2980","3.2614","0.78%"
"Mar 14, 2018","3.2607","3.2614","3.2679","3.2466","0.00%"
"Mar 13, 2018","3.2607","3.2622","3.2660","3.2372","-0.05%"
"Mar 12, 2018","3.2622","3.2561","3.2685","3.2500","0.21%"
"Mar 09, 2018","3.2553","3.2669","3.2708","3.2390","-0.36%"
"Mar 08, 2018","3.2669","3.2448","3.2703","3.2390","0.66%"
"Mar 07, 2018","3.2454","3.2117","3.2486","3.2099","1.05%"
"Mar 06, 2018","3.2117","3.2430","3.2439","3.2055","-0.97%"
"Mar 05, 2018","3.2430","3.2528","3.2640","3.2415","-0.30%"
"Mar 02, 2018","3.2528","3.2516","3.2672","3.2480","0.04%"
"Mar 01, 2018","3.2515","3.2462","3.2715","3.2383","0.16%"
"Feb 28, 2018","3.2462","3.2516","3.2540","3.2349","-0.17%"
"Feb 27, 2018","3.2516","3.2243","3.2555","3.2217","0.80%"
"Feb 26, 2018","3.2258","3.2379","3.2426","3.2224","-0.37%"
"Feb 23, 2018","3.2379","3.2502","3.2510","3.2322","-0.38%"
"Feb 22, 2018","3.2502","3.2687","3.2738","3.2420","-0.58%"
"Feb 21, 2018","3.2692","3.2572","3.2729","3.2423","0.41%"
"Feb 20, 2018","3.2557","3.2340","3.2614","3.2340","0.65%"
"Feb 19, 2018","3.2346","3.2308","3.2384","3.2222","0.11%"
"Feb 16, 2018","3.2312","3.2323","3.2477","3.2021","0.10%"
"Feb 15, 2018","3.2279","3.2197","3.2412","3.1980","0.33%"
"Feb 14, 2018","3.2174","3.2927","3.2971","3.2159","-2.38%"
"Feb 13, 2018","3.2957","3.2957","3.2957","3.2957","0.01%"
"Feb 12, 2018","3.2954","3.2954","3.2954","3.2954","0.04%"
"Feb 09, 2018","3.2942","3.2860","3.3188","3.2673","0.26%"
"Feb 08, 2018","3.2858","3.2714","3.3030","3.2558","0.44%"
"Feb 07, 2018","3.2714","3.2480","3.2836","3.2371","1.13%"
"Feb 06, 2018","3.2348","3.2628","3.2782","3.2322","-0.85%"
"Feb 05, 2018","3.2625","3.2181","3.2657","3.2130","1.38%"
"Feb 02, 2018","3.2181","3.1671","3.2234","3.1671","1.62%"
"Feb 01, 2018","3.1669","3.1854","3.1964","3.1613","-0.60%"
"Jan 31, 2018","3.1859","3.1839","3.1951","3.1454","0.15%"
"Jan 30, 2018","3.1812","3.1550","3.1949","3.1477","0.83%"
"Jan 29, 2018","3.1550","3.1530","3.1718","3.1530","0.13%"
"Jan 26, 2018","3.1510","3.1481","3.1560","3.1195","0.08%"
"Jan 25, 2018","3.1485","3.1464","3.1485","3.1464","0.06%"
"Jan 24, 2018","3.1465","3.2375","3.2400","3.1345","-2.80%"
"Jan 23, 2018","3.2370","3.2036","3.2441","3.2012","1.09%"
"Jan 22, 2018","3.2021","3.1961","3.2113","3.1816","0.18%"
"Jan 19, 2018","3.1962","3.2082","3.2149","3.1936","-0.32%"
"Jan 18, 2018","3.2065","3.2240","3.2245","3.2011","-0.54%"
"Jan 17, 2018","3.2238","3.2264","3.2386","3.2113","-0.02%"
"Jan 16, 2018","3.2243","3.2168","3.2377","3.2114","0.25%"
"Jan 15, 2018","3.2163","3.2054","3.2206","3.1912","0.31%"
"Jan 12, 2018","3.2064","3.2161","3.2305","3.1989","-0.28%"
"Jan 11, 2018","3.2155","3.2283","3.2401","3.2117","-0.40%"
"Jan 10, 2018","3.2283","3.2519","3.2557","3.2252","-0.62%"
"Jan 09, 2018","3.2483","3.2413","3.2553","3.2291","0.23%"
"Jan 08, 2018","3.2407","3.2289","3.2445","3.2227","0.36%"
"Jan 05, 2018","3.2292","3.2348","3.2494","3.2262","-0.17%"
"Jan 04, 2018","3.2346","3.2374","3.2428","3.2214","-0.07%"
"Jan 03, 2018","3.2370","3.2590","3.2680","3.2311","-0.68%"
"Jan 02, 2018","3.2591","3.3136","3.3136","3.2569","-1.61%"
"Jan 01, 2018","3.3125","3.3125","3.3125","3.3125","0.00%"
"Dec 29, 2017","3.3125","3.3125","3.3125","3.3125","0.00%"
"Dec 28, 2017","3.3125","3.3152","3.3176","3.2946","-0.08%"
"Dec 27, 2017","3.3150","3.3106","3.3220","3.2916","0.12%"
"Dec 26, 2017","3.3111","3.3376","3.3376","3.3062","-0.78%"
"Dec 25, 2017","3.3370","3.3370","3.3370","3.3370","0.00%"
"Dec 22, 2017","3.3370","3.3091","3.3401","3.3034","0.86%"
"Dec 21, 2017","3.3084","3.2978","3.3170","3.2901","0.32%"
"Dec 20, 2017","3.2979","3.2911","3.3008","3.2807","0.24%"
"Dec 19, 2017","3.2900","3.2923","3.3079","3.2811","-0.07%"
"Dec 18, 2017","3.2923","3.2947","3.3009","3.2780","-0.07%"
"Dec 15, 2017","3.2947","3.3336","3.3374","3.2942","-1.41%"
"Dec 14, 2017","3.3419","3.3234","3.3476","3.3100","0.96%"
"Dec 13, 2017","3.3100","3.3070","3.3321","3.2877","0.11%"
"Dec 12, 2017","3.3065","3.3055","3.3334","3.2963","0.05%"
"Dec 11, 2017","3.3048","3.2912","3.3060","3.2726","0.39%"
"Dec 08, 2017","3.2919","3.2768","3.3105","3.2648","0.04%"
"Dec 07, 2017","3.2907","3.2477","3.3182","3.2468","1.70%"
"Dec 06, 2017","3.2357","3.2415","3.2493","3.2241","-0.19%"
"Dec 05, 2017","3.2418","3.2447","3.2470","3.2197","-0.07%"
"Dec 04, 2017","3.2442","3.2581","3.2623","3.2418","-0.43%"
"Dec 01, 2017","3.2581","3.2727","3.2851","3.2479","-0.45%"
"Nov 30, 2017","3.2727","3.2465","3.2883","3.2350","0.82%"
"Nov 29, 2017","3.2461","3.2132","3.2473","3.2002","1.03%"
"Nov 28, 2017","3.2131","3.2325","3.2325","3.2019","-0.46%"
"Nov 27, 2017","3.2278","3.2330","3.2331","3.2130","-0.16%"
"Nov 24, 2017","3.2330","3.2218","3.2360","3.2212","0.34%"
"Nov 23, 2017","3.2219","3.2241","3.2428","3.2183","-0.07%"
"Nov 22, 2017","3.2243","3.2570","3.2646","3.2213","-1.06%"
"Nov 21, 2017","3.2588","3.2593","3.2657","3.2390","0.04%"
"Nov 20, 2017","3.2574","3.2574","3.2574","3.2574","0.00%"
"Nov 17, 2017","3.2574","3.2726","3.2884","3.2546","-0.51%"
"Nov 16, 2017","3.2740","3.3130","3.3132","3.2677","-1.19%"
"Nov 15, 2017","3.3133","3.3133","3.3133","3.3133","0.01%"
"Nov 14, 2017","3.3131","3.2805","3.3178","3.2662","1.03%"
"Nov 13, 2017","3.2794","3.2821","3.3005","3.2760","0.05%"
"Nov 10, 2017","3.2779","3.2529","3.2841","3.2501","0.79%"
"Nov 09, 2017","3.2521","3.2546","3.2665","3.2359","-0.08%"
"Nov 08, 2017","3.2548","3.2723","3.2723","3.2401","-0.51%"
"Nov 07, 2017","3.2714","3.2495","3.2884","3.2495","0.67%"
"Nov 06, 2017","3.2495","3.3144","3.3144","3.2476","-1.96%"
"Nov 03, 2017","3.3144","3.2664","3.3350","3.2482","1.42%"
"Nov 02, 2017","3.2680","3.2683","3.2683","3.2680","0.01%"
"Nov 01, 2017","3.2677","3.2727","3.2927","3.2565","-0.15%"
"Oct 31, 2017","3.2727","3.2891","3.3018","3.2645","-0.50%"
"Oct 30, 2017","3.2891","3.2367","3.2892","3.2344","1.63%"
"Oct 27, 2017","3.2363","3.2902","3.3030","3.2342","-1.65%"
"Oct 26, 2017","3.2906","3.2332","3.2978","3.2287","1.78%"
"Oct 25, 2017","3.2332","3.2441","3.2599","3.2283","-0.32%"
"Oct 24, 2017","3.2435","3.2389","3.2670","3.2239","0.18%"
"Oct 23, 2017","3.2378","3.1929","3.2387","3.1893","1.42%"
"Oct 20, 2017","3.1926","3.1665","3.1980","3.1665","0.81%"
"Oct 19, 2017","3.1671","3.1721","3.1793","3.1625","-0.13%"
"Oct 18, 2017","3.1711","3.1582","3.1817","3.1556","0.41%"
"Oct 17, 2017","3.1580","3.1712","3.1838","3.1580","-0.42%"
"Oct 16, 2017","3.1712","3.1454","3.1740","3.1441","0.83%"
"Oct 13, 2017","3.1452","3.1730","3.1803","3.1437","-0.80%"
"Oct 12, 2017","3.1705","3.1721","3.1727","3.1705","-0.06%"
"Oct 11, 2017","3.1724","3.1795","3.1799","3.1599","-0.22%"
"Oct 10, 2017","3.1795","3.1890","3.1890","3.1618","-0.29%"
"Oct 09, 2017","3.1888","3.1563","3.1900","3.1558","1.04%"
"Oct 06, 2017","3.1561","3.1547","3.1784","3.1496","0.05%"
"Oct 05, 2017","3.1545","3.1319","3.1566","3.1244","0.62%"
"Oct 04, 2017","3.1351","3.1456","3.1456","3.1221","-0.24%"
"Oct 03, 2017","3.1427","3.1545","3.1656","3.1410","-0.37%"
"Oct 02, 2017","3.1545","3.1644","3.1791","3.1513","-0.23%"
"Sep 29, 2017","3.1619","3.1827","3.1906","3.1562","-0.65%"
"Sep 28, 2017","3.1825","3.1934","3.2003","3.1772","-0.34%"
"Sep 27, 2017","3.1932","3.1669","3.1986","3.1665","0.84%"
"Sep 26, 2017","3.1666","3.1592","3.1752","3.1522","0.21%"
"Sep 25, 2017","3.1599","3.1326","3.1618","3.1260","1.12%"
"Sep 22, 2017","3.1250","3.1376","3.1397","3.1223","-0.40%"
"Sep 21, 2017","3.1377","3.1332","3.1473","3.1256","0.17%"
"Sep 20, 2017","3.1325","3.1354","3.1394","3.1136","-0.08%"
"Sep 19, 2017","3.1351","3.1362","3.1402","3.1244","-0.05%"
"Sep 18, 2017","3.1368","3.1108","3.1388","3.1079","0.91%"
"Sep 15, 2017","3.1085","3.1196","3.1323","3.1085","-0.34%"
"Sep 14, 2017","3.1190","3.1360","3.1510","3.1127","-0.52%"
"Sep 13, 2017","3.1353","3.1248","3.1445","3.1222","0.32%"
"Sep 12, 2017","3.1252","3.1031","3.1387","3.1029","0.72%"
"Sep 11, 2017","3.1029","3.0903","3.1082","3.0791","0.52%"
"Sep 08, 2017","3.0867","3.0852","3.0995","3.0819","-0.41%"
"Sep 07, 2017","3.0993","3.1002","3.1002","3.0993","-0.04%"
"Sep 06, 2017","3.1004","3.1168","3.1210","3.0987","-0.55%"
"Sep 05, 2017","3.1174","3.1416","3.1427","3.1122","-0.77%"
"Sep 04, 2017","3.1417","3.1404","3.1450","3.1327","0.00%"
"Sep 01, 2017","3.1416","3.1477","3.1488","3.1223","-0.20%"
"Aug 31, 2017","3.1479","3.1597","3.1702","3.1372","-0.39%"
"Aug 30, 2017","3.1603","3.1656","3.1766","3.1559","-0.15%"
"Aug 29, 2017","3.1652","3.1677","3.1766","3.1582","-0.06%"
"Aug 28, 2017","3.1670","3.1592","3.1675","3.1483","0.21%"
"Aug 25, 2017","3.1603","3.1484","3.1629","3.1357","0.39%"
"Aug 24, 2017","3.1481","3.1414","3.1509","3.1330","0.21%"
"Aug 23, 2017","3.1414","3.1618","3.1705","3.1340","-0.62%"
"Aug 22, 2017","3.1611","3.1649","3.1910","3.1466","-0.11%"
"Aug 21, 2017","3.1645","3.1488","3.1723","3.1361","0.57%"
"Aug 18, 2017","3.1465","3.1751","3.1761","3.1404","-0.90%"
"Aug 17, 2017","3.1751","3.1534","3.1824","3.1524","0.72%"
"Aug 16, 2017","3.1524","3.1693","3.1782","3.1454","-0.54%"
"Aug 15, 2017","3.1695","3.1892","3.2060","3.1657","-0.61%"
"Aug 14, 2017","3.1890","3.1764","3.2059","3.1734","-0.15%"
"Aug 11, 2017","3.1938","3.1755","3.2210","3.1547","0.57%"
"Aug 10, 2017","3.1757","3.1557","3.1787","3.1466","0.63%"
"Aug 09, 2017","3.1559","3.1271","3.1587","3.1263","0.93%"
"Aug 08, 2017","3.1269","3.1265","3.1383","3.1189","0.01%"
"Aug 07, 2017","3.1265","3.1311","3.1345","3.1204","-0.15%"
"Aug 04, 2017","3.1313","3.1126","3.1338","3.1079","0.60%"
"Aug 03, 2017","3.1126","3.1134","3.1271","3.1096","-0.04%"
"Aug 02, 2017","3.1137","3.1261","3.1382","3.1126","-0.41%"
"Aug 01, 2017","3.1265","3.1277","3.1315","3.1079","0.00%"
"Jul 31, 2017","3.1264","3.1325","3.1442","3.1138","-0.18%"
"Jul 28, 2017","3.1319","3.1525","3.1600","3.1283","-0.67%"
"Jul 27, 2017","3.1530","3.1382","3.1600","3.1382","0.46%"
"Jul 26, 2017","3.1387","3.1728","3.1772","3.1349","-1.07%"
"Jul 25, 2017","3.1726","3.1471","3.1736","3.1364","0.81%"
"Jul 24, 2017","3.1470","3.1405","3.1538","3.1341","0.17%"
"Jul 21, 2017","3.1418","3.1202","3.1454","3.1099","0.67%"
"Jul 20, 2017","3.1208","3.1494","3.1557","3.1183","-0.90%"
"Jul 19, 2017","3.1490","3.1559","3.1639","3.1444","-0.17%"
"Jul 18, 2017","3.1545","3.1835","3.1837","3.1536","-0.90%"
"Jul 17, 2017","3.1833","3.1809","3.1878","3.1761","0.11%"
"Jul 14, 2017","3.1799","3.2125","3.2125","3.1782","-1.05%"
"Jul 13, 2017","3.2138","3.2081","3.2218","3.2024","0.18%"
"Jul 12, 2017","3.2079","3.2548","3.2553","3.2050","-1.44%"
"Jul 11, 2017","3.2548","3.2558","3.2697","3.2462","-0.03%"
"Jul 10, 2017","3.2557","3.2805","3.2818","3.2551","-0.78%"
"Jul 07, 2017","3.2813","3.2996","3.3068","3.2679","-0.45%"
"Jul 06, 2017","3.2962","3.2886","3.3211","3.2883","0.22%"
"Jul 05, 2017","3.2889","3.3089","3.3314","3.2889","-0.62%"
"Jul 04, 2017","3.3093","3.3018","3.3108","3.2982","0.24%"
"Jul 03, 2017","3.3015","3.3196","3.3246","3.2938","-0.17%"
"Jun 30, 2017","3.3072","3.3049","3.3165","3.2866","0.09%"
"Jun 29, 2017","3.3043","3.2807","3.3150","3.2708","0.73%"
"Jun 28, 2017","3.2805","3.3133","3.3152","3.2788","-1.00%"
"Jun 27, 2017","3.3135","3.2974","3.3347","3.2968","0.52%"
"Jun 26, 2017","3.2963","3.3445","3.3445","3.2950","-1.40%"
"Jun 23, 2017","3.3430","3.3413","3.3443","3.3257","0.01%"
"Jun 22, 2017","3.3425","3.3357","3.3495","3.3226","0.19%"
"Jun 21, 2017","3.3363","3.3258","3.3373","3.3140","0.28%"
"Jun 20, 2017","3.3270","3.2824","3.3439","3.2824","1.35%"
"Jun 19, 2017","3.2828","3.2902","3.3146","3.2801","-0.32%"
"Jun 16, 2017","3.2933","3.2898","3.2973","3.2786","0.56%"
"Jun 15, 2017","3.2750","3.2743","3.2752","3.2743","0.02%"
"Jun 14, 2017","3.2742","3.3150","3.3165","3.2635","-1.24%"
"Jun 13, 2017","3.3154","3.3184","3.3342","3.2974","-0.08%"
"Jun 12, 2017","3.3181","3.2961","3.3266","3.2747","0.64%"
"Jun 09, 2017","3.2971","3.2620","3.2986","3.2561","1.09%"
"Jun 08, 2017","3.2617","3.2699","3.2895","3.2617","-0.24%"
"Jun 07, 2017","3.2695","3.2783","3.2869","3.2652","-0.25%"
"Jun 06, 2017","3.2778","3.2973","3.3020","3.2725","-0.58%"
"Jun 05, 2017","3.2969","3.2462","3.2974","3.2462","1.50%"
"Jun 02, 2017","3.2483","3.2511","3.2597","3.2207","-0.07%"
"Jun 01, 2017","3.2506","3.2273","3.2553","3.2151","0.74%"
"May 31, 2017","3.2266","3.2576","3.2603","3.2245","-0.95%"
"May 30, 2017","3.2577","3.2569","3.2722","3.2544","0.03%"
"May 29, 2017","3.2567","3.2666","3.2771","3.2567","-0.10%"
"May 26, 2017","3.2601","3.2742","3.2761","3.2516","-0.41%"
"May 25, 2017","3.2736","3.2759","3.2992","3.2618","-0.15%"
"May 24, 2017","3.2784","3.2702","3.2885","3.2477","0.24%"
"May 23, 2017","3.2705","3.2666","3.2894","3.2543","0.15%"
"May 22, 2017","3.2656","3.2532","3.3190","3.2519","0.39%"
"May 19, 2017","3.2529","3.3662","3.3718","3.2414","-3.50%"
"May 18, 2017","3.3710","3.1408","3.4136","3.1389","7.43%"
"May 17, 2017","3.1380","3.0953","3.1408","3.0951","1.34%"
"May 16, 2017","3.0964","3.1107","3.1109","3.0873","-0.48%"
"May 15, 2017","3.1113","3.1229","3.1258","3.0960","-0.34%"
"May 12, 2017","3.1218","3.1380","3.1511","3.1164","-0.59%"
"May 11, 2017","3.1403","3.1676","3.1685","3.1370","-0.87%"
"May 10, 2017","3.1678","3.1908","3.1916","3.1523","-0.70%"
"May 09, 2017","3.1902","3.1995","3.1997","3.1780","-0.24%"
"May 08, 2017","3.1980","3.1753","3.2077","3.1753","0.65%"
"May 05, 2017","3.1774","3.1902","3.1960","3.1682","-0.35%"
"May 04, 2017","3.1885","3.1663","3.1956","3.1614","0.74%"
"May 03, 2017","3.1652","3.1515","3.1679","3.1408","0.43%"
"May 02, 2017","3.1517","3.1757","3.1959","3.1460","-0.78%"
"May 01, 2017","3.1765","3.1772","3.1772","3.1765","-0.00%"
"Apr 28, 2017","3.1766","3.1837","3.2149","3.1698","-0.22%"
"Apr 27, 2017","3.1835","3.1721","3.1888","3.1545","0.35%"
"Apr 26, 2017","3.1723","3.1476","3.2085","3.1434","0.80%"
"Apr 25, 2017","3.1471","3.1283","3.1712","3.1275","0.61%"
"Apr 24, 2017","3.1280","3.1506","3.1506","3.1182","-0.64%"
"Apr 21, 2017","3.1482","3.1479","3.1488","3.1479","-0.01%"
"Apr 20, 2017","3.1486","3.1507","3.1705","3.1324","-0.11%"
"Apr 19, 2017","3.1522","3.1075","3.1545","3.1075","1.42%"
"Apr 18, 2017","3.1080","3.0983","3.1239","3.0878","0.31%"
"Apr 17, 2017","3.0985","3.1446","3.1476","3.0930","-1.47%"
"Apr 14, 2017","3.1448","3.1435","3.1452","3.1431","0.01%"
"Apr 13, 2017","3.1444","3.1258","3.1498","3.1145","0.60%"
"Apr 12, 2017","3.1258","3.1383","3.1599","3.1197","-0.36%"
"Apr 11, 2017","3.1372","3.1324","3.1561","3.1256","0.17%"
"Apr 10, 2017","3.1320","3.1466","3.1509","3.1302","-0.45%"
"Apr 07, 2017","3.1462","3.1429","3.1593","3.1183","0.11%"
"Apr 06, 2017","3.1427","3.1195","3.1517","3.1063","0.72%"
"Apr 05, 2017","3.1203","3.0938","3.1261","3.0808","0.85%"
"Apr 04, 2017","3.0939","3.1151","3.1420","3.0924","-0.67%"
"Apr 03, 2017","3.1147","3.1236","3.1355","3.1099","-0.28%"
"Mar 31, 2017","3.1233","3.1481","3.1785","3.1214","-0.84%"
"Mar 30, 2017","3.1496","3.1200","3.1532","3.1178","0.95%"
"Mar 29, 2017","3.1199","3.1414","3.1421","3.1122","-0.68%"
"Mar 28, 2017","3.1412","3.1269","3.1460","3.1233","0.47%"
"Mar 27, 2017","3.1265","3.1084","3.1404","3.1079","0.58%"
"Mar 24, 2017","3.1086","3.1404","3.1515","3.1048","-0.98%"
"Mar 23, 2017","3.1395","3.0873","3.1456","3.0873","1.67%"
"Mar 22, 2017","3.0880","3.0888","3.1102","3.0808","-0.01%"
"Mar 21, 2017","3.0884","3.0724","3.0951","3.0600","0.51%"
"Mar 20, 2017","3.0726","3.0920","3.1160","3.0673","-0.62%"
"Mar 17, 2017","3.0918","3.1191","3.1282","3.0875","-0.86%"
"Mar 16, 2017","3.1185","3.1031","3.1233","3.0925","0.48%"
"Mar 15, 2017","3.1037","3.1680","3.1778","3.0972","-2.05%"
"Mar 14, 2017","3.1685","3.1521","3.1824","3.1501","0.49%"
"Mar 13, 2017","3.1530","3.1387","3.1606","3.1292","0.43%"
"Mar 10, 2017","3.1395","3.1942","3.1966","3.1392","-1.68%"
"Mar 09, 2017","3.1932","3.1627","3.1984","3.1599","0.95%"
"Mar 08, 2017","3.1631","3.1200","3.1812","3.1197","1.40%"
"Mar 07, 2017","3.1195","3.1391","3.1412","3.1119","-0.61%"
"Mar 06, 2017","3.1386","3.1146","3.1394","3.1000","0.73%"
"Mar 03, 2017","3.1158","3.1573","3.1633","3.1120","-1.29%"
"Mar 02, 2017","3.1565","3.0895","3.1590","3.0895","2.15%"
"Mar 01, 2017","3.0900","3.1095","3.1238","3.0900","-0.61%"
"Feb 28, 2017","3.1091","3.1090","3.1091","3.1090","0.00%"
"Feb 27, 2017","3.1090","3.1105","3.1105","3.1085","-0.06%"
"Feb 24, 2017","3.1110","3.0622","3.1195","3.0600","1.68%"
"Feb 23, 2017","3.0595","3.0635","3.0796","3.0519","-0.15%"
"Feb 22, 2017","3.0640","3.0960","3.0989","3.0604","-1.00%"
"Feb 21, 2017","3.0951","3.0862","3.1083","3.0848","0.26%"
"Feb 20, 2017","3.0870","3.1019","3.1074","3.0826","-0.57%"
"Feb 17, 2017","3.1048","3.0871","3.1099","3.0796","0.50%"
"Feb 16, 2017","3.0892","3.0568","3.0905","3.0387","1.04%"
"Feb 15, 2017","3.0575","3.0850","3.0969","3.0545","-0.89%"
"Feb 14, 2017","3.0850","3.1120","3.1283","3.0825","-0.85%"
"Feb 13, 2017","3.1115","3.1141","3.1240","3.1075","-0.13%"
"Feb 10, 2017","3.1157","3.1311","3.1313","3.1061","-0.46%"
"Feb 09, 2017","3.1301","3.1172","3.1334","3.1134","0.40%"
"Feb 08, 2017","3.1175","3.1205","3.1300","3.1125","-0.10%"
"Feb 07, 2017","3.1205","3.1155","3.1369","3.1155","0.14%"
"Feb 06, 2017","3.1160","3.1185","3.1276","3.1050","-0.05%"
"Feb 03, 2017","3.1176","3.1237","3.1389","3.1042","-0.20%"
"Feb 02, 2017","3.1240","3.1290","3.1304","3.1075","-0.18%"
"Feb 01, 2017","3.1295","3.1520","3.1638","3.1275","-0.68%"
"Jan 31, 2017","3.1509","3.1258","3.1566","3.1012","0.76%"
"Jan 30, 2017","3.1270","3.1403","3.1543","3.1138","-0.45%"
"Jan 27, 2017","3.1410","3.1785","3.1827","3.1398","-1.16%"
"Jan 26, 2017","3.1780","3.1702","3.1949","3.1612","0.25%"
"Jan 25, 2017","3.1702","3.1702","3.1702","3.1702","0.00%"
"Jan 24, 2017","3.1702","3.1605","3.1754","3.1583","0.22%"
"Jan 23, 2017","3.1633","3.1690","3.1837","3.1534","-0.18%"
"Jan 20, 2017","3.1690","3.2002","3.2046","3.1689","-0.86%"
"Jan 19, 2017","3.1965","3.2310","3.2350","3.1932","-1.06%"
"Jan 18, 2017","3.2309","3.2151","3.2319","3.2132","0.60%"
"Jan 17, 2017","3.2115","3.2417","3.2417","3.1957","-0.93%"
"Jan 16, 2017","3.2418","3.2234","3.2443","3.2165","0.64%"
"Jan 13, 2017","3.2213","3.1887","3.2242","3.1798","1.04%"
"Jan 12, 2017","3.1881","3.1968","3.1993","3.1522","-0.29%"
"Jan 11, 2017","3.1975","3.1960","3.2313","3.1775","0.04%"
"Jan 10, 2017","3.1961","3.1959","3.2020","3.1808","-0.03%"
"Jan 09, 2017","3.1969","3.2244","3.2317","3.1894","-0.84%"
"Jan 06, 2017","3.2241","3.1972","3.2241","3.1871","0.78%"
"Jan 05, 2017","3.1991","3.2163","3.2294","3.1928","-0.53%"
"Jan 04, 2017","3.2163","3.2517","3.2517","3.2100","-1.50%"
"Jan 03, 2017","3.2652","3.2824","3.2929","3.2466","-0.62%"
"Jan 02, 2017","3.2857","3.2538","3.2887","3.2516","0.95%"
"Dec 30, 2016","3.2547","3.2547","3.2547","3.2547","0.00%"
"Dec 29, 2016","3.2547","3.2825","3.2835","3.2416","-0.91%"
"Dec 28, 2016","3.2845","3.2702","3.2959","3.2630","0.41%"
"Dec 27, 2016","3.2712","3.2775","3.2913","3.2686","-0.18%"
"Dec 26, 2016","3.2770","3.2715","3.2861","3.2642","0.18%"
"Dec 23, 2016","3.2710","3.2870","3.2932","3.2575","-0.50%"
"Dec 22, 2016","3.2875","3.3280","3.3486","3.2861","-1.19%"
"Dec 21, 2016","3.3270","3.3575","3.3575","3.3217","-0.82%"
"Dec 20, 2016","3.3546","3.3655","3.3790","3.3403","-0.31%"
"Dec 19, 2016","3.3650","3.3920","3.4037","3.3605","-0.80%"
"Dec 16, 2016","3.3920","3.3715","3.4126","3.3425","0.67%"
"Dec 15, 2016","3.3695","3.3695","3.4087","3.3625","-0.03%"
"Dec 14, 2016","3.3705","3.3372","3.3732","3.3027","1.05%"
"Dec 13, 2016","3.3355","3.3385","3.3658","3.3178","-0.10%"
"Dec 12, 2016","3.3388","3.3777","3.4087","3.3356","-1.18%"
"Dec 09, 2016","3.3785","3.3765","3.4124","3.3525","0.09%"
"Dec 08, 2016","3.3755","3.3830","3.4179","3.3695","-0.22%"
"Dec 07, 2016","3.3830","3.4080","3.4201","3.3761","-0.73%"
"Dec 06, 2016","3.4080","3.4210","3.4667","3.3941","-0.39%"
"Dec 05, 2016","3.4215","3.4764","3.4819","3.4184","-1.55%"
"Dec 02, 2016","3.4755","3.4705","3.4928","3.4440","0.11%"
"Dec 01, 2016","3.4718","3.3854","3.4814","3.3820","2.59%"
"Nov 30, 2016","3.3842","3.3998","3.4574","3.3766","-0.44%"
"Nov 29, 2016","3.3990","3.3857","3.4154","3.3800","0.39%"
"Nov 28, 2016","3.3859","3.4225","3.4237","3.3823","-1.06%"
"Nov 25, 2016","3.4223","3.3917","3.4687","3.3908","0.91%"
"Nov 24, 2016","3.3915","3.3939","3.4373","3.3820","-0.09%"
"Nov 23, 2016","3.3945","3.3546","3.4213","3.3530","1.18%"
"Nov 22, 2016","3.3550","3.3522","3.3908","3.3283","0.07%"
"Nov 21, 2016","3.3525","3.3838","3.3847","3.3405","-0.92%"
"Nov 18, 2016","3.3835","3.4176","3.4433","3.3715","-1.05%"
"Nov 17, 2016","3.4193","3.4205","3.4531","3.3873","-0.02%"
"Nov 16, 2016","3.4200","3.4400","3.4452","3.4033","-0.59%"
"Nov 15, 2016","3.4404","3.4331","3.4457","3.4320","0.21%"
"Nov 14, 2016","3.4331","3.3932","3.4755","3.3893","1.23%"
"Nov 11, 2016","3.3915","3.3889","3.5086","3.3712","0.15%"
"Nov 10, 2016","3.3864","3.2186","3.3970","3.2095","5.26%"
"Nov 09, 2016","3.2172","3.1695","3.2502","3.1650","1.50%"
"Nov 08, 2016","3.1695","3.2012","3.2163","3.1630","-1.01%"
"Nov 07, 2016","3.2020","3.2348","3.2366","3.1885","-0.98%"
"Nov 04, 2016","3.2337","3.2423","3.2649","3.2169","-0.27%"
"Nov 03, 2016","3.2425","3.2358","3.2565","3.2210","0.20%"
"Nov 02, 2016","3.2359","3.2370","3.2425","3.2355","-0.02%"
"Nov 01, 2016","3.2367","3.1888","3.2553","3.1780","1.49%"
"Oct 31, 2016","3.1893","3.2045","3.2065","3.1638","-0.54%"
"Oct 28, 2016","3.2065","3.1707","3.2078","3.1580","1.15%"
"Oct 27, 2016","3.1701","3.1409","3.1749","3.1285","0.93%"
"Oct 26, 2016","3.1409","3.1142","3.1541","3.1114","0.83%"
"Oct 25, 2016","3.1151","3.1243","3.1380","3.1026","-0.30%"
"Oct 24, 2016","3.1246","3.1515","3.1540","3.1146","-0.84%"
"Oct 21, 2016","3.1511","3.1433","3.1698","3.1376","0.25%"
"Oct 20, 2016","3.1433","3.1699","3.1733","3.1348","-0.83%"
"Oct 19, 2016","3.1697","3.1878","3.1989","3.1641","-0.60%"
"Oct 18, 2016","3.1888","3.2023","3.2075","3.1744","-0.42%"
"Oct 17, 2016","3.2022","3.2066","3.2180","3.1892","-0.09%"
"Oct 14, 2016","3.2051","3.1790","3.2081","3.1647","0.85%"
"Oct 13, 2016","3.1780","3.2021","3.2192","3.1765","-0.77%"
"Oct 12, 2016","3.2025","3.1965","3.2047","3.1957","0.23%"
"Oct 11, 2016","3.1953","3.2064","3.2271","3.1938","-0.35%"
"Oct 10, 2016","3.2065","3.2227","3.2245","3.1985","-0.43%"
"Oct 07, 2016","3.2204","3.2285","3.2429","3.1920","-0.29%"
"Oct 06, 2016","3.2298","3.2193","3.2441","3.2163","0.30%"
"Oct 05, 2016","3.2202","3.2575","3.2616","3.2171","-1.15%"
"Oct 04, 2016","3.2578","3.2094","3.2624","3.2072","1.47%"
"Oct 03, 2016","3.2105","3.2631","3.2640","3.1988","-1.53%"
"Sep 30, 2016","3.2603","3.2594","3.2636","3.2308","0.02%"
"Sep 29, 2016","3.2595","3.2183","3.2707","3.2138","1.33%"
"Sep 28, 2016","3.2167","3.2360","3.2559","3.2133","-0.55%"
"Sep 27, 2016","3.2346","3.2396","3.2486","3.2189","-0.17%"
"Sep 26, 2016","3.2401","3.2445","3.2529","3.2237","-0.15%"
"Sep 23, 2016","3.2450","3.2219","3.2523","3.2018","0.75%"
"Sep 22, 2016","3.2208","3.2064","3.2287","3.1810","0.43%"
"Sep 21, 2016","3.2071","3.2589","3.2605","3.2058","-1.59%"
"Sep 20, 2016","3.2589","3.2733","3.2757","3.2456","-0.43%"
"Sep 19, 2016","3.2731","3.2626","3.2786","3.2519","0.33%"
"Sep 16, 2016","3.2622","3.3020","3.3199","3.2605","-1.22%"
"Sep 15, 2016","3.3024","3.3445","3.3680","3.2926","-1.20%"
"Sep 14, 2016","3.3426","3.3130","3.3503","3.2975","0.87%"
"Sep 13, 2016","3.3138","3.2454","3.3338","3.2433","2.10%"
"Sep 12, 2016","3.2458","3.2723","3.3104","3.2409","-0.85%"
"Sep 09, 2016","3.2735","3.2101","3.2857","3.2101","1.84%"
"Sep 08, 2016","3.2143","3.1924","3.2199","3.1652","0.67%"
"Sep 07, 2016","3.1930","3.1968","3.2032","3.1930","-0.07%"
"Sep 06, 2016","3.1953","3.2828","3.2845","3.1947","-2.68%"
"Sep 05, 2016","3.2833","3.2571","3.2862","3.2473","0.81%"
"Sep 02, 2016","3.2568","3.2590","3.2714","3.2244","-0.04%"
"Sep 01, 2016","3.2582","3.2255","3.2639","3.2184","0.96%"
"Aug 31, 2016","3.2273","3.2414","3.2569","3.2157","-0.45%"
"Aug 30, 2016","3.2419","3.2304","3.2642","3.2182","0.37%"
"Aug 29, 2016","3.2298","3.2655","3.2910","3.2295","-1.09%"
"Aug 26, 2016","3.2655","3.2375","3.2795","3.1895","0.89%"
"Aug 25, 2016","3.2367","3.2254","3.2425","3.2156","0.34%"
"Aug 24, 2016","3.2257","3.2338","3.2506","3.2184","-0.25%"
"Aug 23, 2016","3.2338","3.2018","3.2380","3.1848","1.01%"
"Aug 22, 2016","3.2014","3.2066","3.2277","3.1974","-0.07%"
"Aug 19, 2016","3.2038","3.2400","3.2515","3.2035","-1.10%"
"Aug 18, 2016","3.2393","3.2043","3.2468","3.1999","1.11%"
"Aug 17, 2016","3.2037","3.2014","3.2355","3.1976","0.03%"
"Aug 16, 2016","3.2027","3.1867","3.2070","3.1564","0.52%"
"Aug 15, 2016","3.1862","3.1911","3.1936","3.1561","-0.20%"
"Aug 12, 2016","3.1925","3.1442","3.1950","3.1387","1.51%"
"Aug 11, 2016","3.1450","3.1265","3.1547","3.1221","0.57%"
"Aug 10, 2016","3.1271","3.1450","3.1500","3.1128","-0.59%"
"Aug 09, 2016","3.1456","3.1748","3.1758","3.1278","-0.92%"
"Aug 08, 2016","3.1749","3.1644","3.1904","3.1593","0.28%"
"Aug 05, 2016","3.1660","3.1942","3.2001","3.1602","-0.87%"
"Aug 04, 2016","3.1938","3.2372","3.2403","3.1904","-1.36%"
"Aug 03, 2016","3.2377","3.2577","3.2931","3.2372","-0.60%"
"Aug 02, 2016","3.2571","3.2638","3.2723","3.2370","-0.24%"
"Aug 01, 2016","3.2649","3.2486","3.2765","3.2465","0.50%"
"Jul 29, 2016","3.2486","3.2899","3.2928","3.2283","-1.23%"
"Jul 28, 2016","3.2892","3.2633","3.2992","3.2539","0.78%"
"Jul 27, 2016","3.2637","3.2760","3.2959","3.2595","-0.40%"
"Jul 26, 2016","3.2768","3.2855","3.2946","3.2652","-0.28%"
"Jul 25, 2016","3.2860","3.2568","3.2985","3.2558","0.91%"
"Jul 22, 2016","3.2565","3.2721","3.2965","3.2535","-0.48%"
"Jul 21, 2016","3.2722","3.2596","3.2896","3.2428","0.40%"
"Jul 20, 2016","3.2591","3.2481","3.2637","3.2378","0.31%"
"Jul 19, 2016","3.2490","3.2529","3.2851","3.2480","-0.13%"
"Jul 18, 2016","3.2532","3.2772","3.2840","3.2460","-0.88%"
"Jul 15, 2016","3.2820","3.2531","3.2857","3.2431","0.95%"
"Jul 14, 2016","3.2511","3.2641","3.2671","3.2171","-0.39%"
"Jul 13, 2016","3.2637","3.2961","3.3085","3.2637","-0.98%"
"Jul 12, 2016","3.2960","3.3110","3.3125","3.2654","-0.40%"
"Jul 11, 2016","3.3094","3.2996","3.3198","3.2917","0.27%"
"Jul 08, 2016","3.3006","3.3678","3.3694","3.2824","-2.00%"
"Jul 07, 2016","3.3678","3.3316","3.3719","3.3211","1.14%"
"Jul 06, 2016","3.3300","3.3022","3.3437","3.2980","0.84%"
"Jul 05, 2016","3.3024","3.2688","3.3060","3.2687","1.01%"
"Jul 04, 2016","3.2695","3.2329","3.2699","3.2294","1.03%"
"Jul 01, 2016","3.2361","3.2136","3.2492","3.1967","0.71%"
"Jun 30, 2016","3.2134","3.2221","3.2477","3.1826","-0.27%"
"Jun 29, 2016","3.2220","3.3030","3.3086","3.2183","-2.45%"
"Jun 28, 2016","3.3029","3.3923","3.3955","3.2995","-2.64%"
"Jun 27, 2016","3.3926","3.3722","3.4164","3.3658","0.55%"
"Jun 24, 2016","3.3739","3.3376","3.4507","3.3318","1.05%"
"Jun 23, 2016","3.3390","3.3767","3.3805","3.3371","-1.13%"
"Jun 22, 2016","3.3770","3.4162","3.4178","3.3678","-1.14%"
"Jun 21, 2016","3.4158","3.3939","3.4169","3.3552","0.63%"
"Jun 20, 2016","3.3945","3.4174","3.4177","3.3748","-0.64%"
"Jun 17, 2016","3.4163","3.4661","3.4664","3.4147","-1.44%"
"Jun 16, 2016","3.4661","3.4740","3.5110","3.4614","-0.23%"
"Jun 15, 2016","3.4741","3.4809","3.5021","3.4455","-0.20%"
"Jun 14, 2016","3.4812","3.4830","3.5162","3.4573","-0.04%"
"Jun 13, 2016","3.4827","3.4200","3.4888","3.4139","1.87%"
"Jun 10, 2016","3.4188","3.3994","3.4486","3.3960","0.52%"
"Jun 09, 2016","3.4010","3.3629","3.4067","3.3566","1.13%"
"Jun 08, 2016","3.3630","3.4426","3.4465","3.3599","-2.30%"
"Jun 07, 2016","3.4421","3.4896","3.5141","3.4412","-1.36%"
"Jun 06, 2016","3.4896","3.5276","3.5295","3.4851","-0.98%"
"Jun 03, 2016","3.5240","3.5914","3.5947","3.5215","-1.91%"
"Jun 02, 2016","3.5926","3.6014","3.6157","3.5774","-0.22%"
"Jun 01, 2016","3.6007","3.6091","3.6363","3.5766","-0.29%"
"May 31, 2016","3.6111","3.5705","3.6383","3.5539","1.11%"
"May 30, 2016","3.5713","3.6123","3.6167","3.5688","-1.12%"
"May 27, 2016","3.6116","3.5835","3.6303","3.5803","0.81%"
"May 26, 2016","3.5825","3.5841","3.5857","3.5772","-0.03%"
"May 25, 2016","3.5836","3.5705","3.6218","3.5514","0.34%"
"May 24, 2016","3.5713","3.5727","3.5903","3.5427","-0.04%"
"May 23, 2016","3.5728","3.5200","3.5894","3.5127","1.49%"
"May 20, 2016","3.5202","3.5640","3.5663","3.5162","-1.24%"
"May 19, 2016","3.5644","3.5681","3.6197","3.5516","-0.11%"
"May 18, 2016","3.5683","3.4890","3.5703","3.4867","2.28%"
"May 17, 2016","3.4888","3.5005","3.5300","3.4827","-0.32%"
"May 16, 2016","3.5001","3.5322","3.5366","3.4957","-0.96%"
"May 13, 2016","3.5340","3.4860","3.5345","3.4645","1.39%"
"May 12, 2016","3.4855","3.4524","3.5068","3.4356","0.95%"
"May 11, 2016","3.4528","3.4770","3.4835","3.4404","-0.66%"
"May 10, 2016","3.4758","3.5160","3.5173","3.4628","-1.15%"
"May 09, 2016","3.5164","3.5021","3.6766","3.4918","0.40%"
"May 06, 2016","3.5023","3.5357","3.5741","3.4946","-0.92%"
"May 05, 2016","3.5349","3.5470","3.5518","3.5065","-0.35%"
"May 04, 2016","3.5473","3.5568","3.5734","3.5259","-0.35%"
"May 03, 2016","3.5599","3.5008","3.5835","3.4989","1.68%"
"May 02, 2016","3.5011","3.4354","3.5088","3.4331","1.90%"
"Apr 29, 2016","3.4358","3.4882","3.4977","3.4289","-1.49%"
"Apr 28, 2016","3.4878","3.5259","3.5288","3.4806","-1.10%"
"Apr 27, 2016","3.5267","3.5278","3.5562","3.5112","-0.08%"
"Apr 26, 2016","3.5297","3.5584","3.5594","3.5174","-0.73%"
"Apr 25, 2016","3.5558","3.5657","3.5711","3.5396","-0.25%"
"Apr 22, 2016","3.5646","3.5379","3.6007","3.5256","0.73%"
"Apr 21, 2016","3.5386","3.5300","3.5386","3.5237","0.25%"
"Apr 20, 2016","3.5299","3.5310","3.5681","3.5247","-0.12%"
"Apr 19, 2016","3.5341","3.6150","3.6171","3.5244","-2.25%"
"Apr 18, 2016","3.6155","3.5318","3.6188","3.4717","2.33%"
"Apr 15, 2016","3.5332","3.4813","3.5602","3.4674","1.42%"
"Apr 14, 2016","3.4838","3.4983","3.5341","3.4581","-0.41%"
"Apr 13, 2016","3.4983","3.4886","3.5644","3.4712","0.16%"
"Apr 12, 2016","3.4928","3.4908","3.5633","3.4773","0.01%"
"Apr 11, 2016","3.4924","3.5873","3.5922","3.4871","-2.72%"
"Apr 08, 2016","3.5901","3.6901","3.6921","3.5875","-2.72%"
"Apr 07, 2016","3.6905","3.6415","3.7200","3.6391","1.35%"
"Apr 06, 2016","3.6413","3.6812","3.7105","3.6335","-1.07%"
"Apr 05, 2016","3.6805","3.6228","3.6865","3.6193","1.56%"
"Apr 04, 2016","3.6240","3.5534","3.6301","3.5468","1.98%"
"Apr 01, 2016","3.5538","3.5908","3.6238","3.5354","-1.10%"
"Mar 31, 2016","3.5935","3.6012","3.6345","3.5323","-0.19%"
"Mar 30, 2016","3.6002","3.6387","3.6505","3.5972","-1.06%"
"Mar 29, 2016","3.6386","3.6272","3.6771","3.6226","0.30%"
"Mar 28, 2016","3.6278","3.6864","3.6885","3.6208","-1.51%"
"Mar 25, 2016","3.6835","3.6772","3.6840","3.6764","0.17%"
"Mar 24, 2016","3.6771","3.6856","3.7226","3.6771","-0.23%"
"Mar 23, 2016","3.6854","3.5818","3.6875","3.5772","2.91%"
"Mar 22, 2016","3.5812","3.6174","3.6524","3.5744","-1.01%"
"Mar 21, 2016","3.6178","3.6254","3.6497","3.5998","-0.17%"
"Mar 18, 2016","3.6240","3.6265","3.6760","3.5732","-0.07%"
"Mar 17, 2016","3.6267","3.7420","3.7450","3.6029","-3.09%"
"Mar 16, 2016","3.7422","3.7651","3.8533","3.7310","-0.62%"
"Mar 15, 2016","3.7656","3.6625","3.7814","3.6543","2.83%"
"Mar 14, 2016","3.6618","3.5827","3.6631","3.5768","2.23%"
"Mar 11, 2016","3.5820","3.6213","3.6692","3.5725","-1.09%"
"Mar 10, 2016","3.6215","3.6850","3.7102","3.6086","-1.72%"
"Mar 09, 2016","3.6849","3.7558","3.7572","3.6805","-1.88%"
"Mar 08, 2016","3.7556","3.7841","3.8037","3.7330","-0.72%"
"Mar 07, 2016","3.7830","3.7588","3.7981","3.7353","0.63%"
"Mar 04, 2016","3.7593","3.7982","3.8002","3.6537","-1.05%"
"Mar 03, 2016","3.7991","3.8945","3.8995","3.7773","-2.42%"
"Mar 02, 2016","3.8932","3.9278","3.9429","3.8847","-0.87%"
"Mar 01, 2016","3.9275","4.0172","4.0227","3.9265","-2.23%"
"Feb 29, 2016","4.0171","3.9948","4.0244","3.9507","0.60%"
"Feb 26, 2016","3.9933","3.9552","4.0183","3.9310","0.94%"
"Feb 25, 2016","3.9560","3.9590","3.9675","3.9213","-0.08%"
"Feb 24, 2016","3.9591","3.9584","4.0099","3.9474","0.06%"
"Feb 23, 2016","3.9569","3.9478","3.9819","3.9388","0.24%"
"Feb 22, 2016","3.9473","4.0214","4.0242","3.9306","-1.84%"
"Feb 19, 2016","4.0214","4.0274","4.0682","4.0138","-0.17%"
"Feb 18, 2016","4.0284","3.9856","4.0553","3.9705","1.09%"
"Feb 17, 2016","3.9851","4.0709","4.0750","3.9672","-2.14%"
"Feb 16, 2016","4.0723","4.0071","4.0791","3.9882","1.66%"
"Feb 15, 2016","4.0060","4.0027","4.0063","3.9765","0.08%"
"Feb 12, 2016","4.0027","3.9946","4.0073","3.9667","0.20%"
"Feb 11, 2016","3.9946","3.9284","4.0164","3.9240","1.68%"
"Feb 10, 2016","3.9285","3.8844","3.9507","3.8820","1.10%"
"Feb 09, 2016","3.8856","3.8970","3.8996","3.8831","-0.25%"
"Feb 08, 2016","3.8954","3.9037","3.9045","3.8938","-0.21%"
"Feb 05, 2016","3.9035","3.8897","3.9298","3.8603","0.35%"
"Feb 04, 2016","3.8897","3.8957","3.9061","3.8453","-0.15%"
"Feb 03, 2016","3.8954","3.9893","3.9957","3.8948","-2.36%"
"Feb 02, 2016","3.9895","3.9627","4.0220","3.9608","0.67%"
"Feb 01, 2016","3.9629","3.9992","4.0280","3.9492","-0.90%"
"Jan 29, 2016","3.9988","4.0702","4.0969","3.9928","-1.75%"
"Jan 28, 2016","4.0699","4.1095","4.1251","4.0347","-0.92%"
"Jan 27, 2016","4.1077","4.0545","4.1117","4.0295","1.33%"
"Jan 26, 2016","4.0536","4.0901","4.1249","4.0482","-0.90%"
"Jan 25, 2016","4.0903","4.0946","4.0966","4.0894","-0.10%"
"Jan 22, 2016","4.0945","4.1576","4.1602","4.0930","-1.52%"
"Jan 21, 2016","4.1575","4.0970","4.1738","4.0965","1.47%"
"Jan 20, 2016","4.0971","4.0624","4.1313","4.0609","0.85%"
"Jan 19, 2016","4.0626","4.0555","4.0666","3.9985","0.17%"
"Jan 18, 2016","4.0557","4.0484","4.0575","4.0160","0.19%"
"Jan 15, 2016","4.0479","4.0003","4.0672","4.0002","1.21%"
"Jan 14, 2016","3.9996","4.0163","4.0427","3.9907","-0.40%"
"Jan 13, 2016","4.0158","4.0293","4.0299","3.9707","-0.33%"
"Jan 12, 2016","4.0290","4.0537","4.0633","4.0192","-0.61%"
"Jan 11, 2016","4.0537","4.0245","4.0677","4.0022","0.73%"
"Jan 08, 2016","4.0245","4.0453","4.0569","4.0050","-0.50%"
"Jan 07, 2016","4.0448","4.0248","4.0749","4.0216","0.51%"
"Jan 06, 2016","4.0244","4.0071","4.0570","4.0040","0.42%"
"Jan 05, 2016","4.0077","4.0403","4.0590","3.9883","-0.80%"
"Jan 04, 2016","4.0402","3.9608","4.0709","3.9590","2.00%"
"Jan 01, 2016","3.9608","3.9608","3.9608","3.9608","0.00%"
"Dec 31, 2015","3.9608","3.9608","3.9608","3.9608","0.00%"
"Dec 30, 2015","3.9608","3.8658","4.0200","3.8545","2.47%"
"Dec 29, 2015","3.8655","3.8585","3.8962","3.8402","0.18%"
"Dec 28, 2015","3.8586","3.9463","3.9650","3.8574","-2.22%"
"Dec 25, 2015","3.9463","3.9531","3.9544","3.9463","-0.17%"
"Dec 24, 2015","3.9530","3.9415","3.9530","3.9336","0.28%"
"Dec 23, 2015","3.9419","3.9898","3.9976","3.9405","-1.20%"
"Dec 22, 2015","3.9899","4.0135","4.0183","3.9724","-0.59%"
"Dec 21, 2015","4.0134","3.9823","4.0424","3.9626","0.78%"
"Dec 18, 2015","3.9824","3.8796","3.9858","3.8755","2.65%"
"Dec 17, 2015","3.8796","3.8845","3.9186","3.8595","-0.13%"
"Dec 16, 2015","3.8848","3.8737","3.9674","3.8727","0.30%"
"Dec 15, 2015","3.8730","3.8774","3.9115","3.8504","-0.13%"
"Dec 14, 2015","3.8779","3.8730","3.9241","3.8575","0.13%"
"Dec 11, 2015","3.8730","3.8122","3.8908","3.8051","1.58%"
"Dec 10, 2015","3.8126","3.7503","3.8160","3.7406","1.66%"
"Dec 09, 2015","3.7502","3.7964","3.8195","3.7165","-1.21%"
"Dec 08, 2015","3.7962","3.7680","3.8222","3.7453","0.75%"
"Dec 07, 2015","3.7681","3.7540","3.7797","3.7295","0.43%"
"Dec 04, 2015","3.7521","3.7595","3.7900","3.7243","-0.20%"
"Dec 03, 2015","3.7596","3.8351","3.8376","3.7341","-1.97%"
"Dec 02, 2015","3.8352","3.8580","3.8773","3.8230","-0.58%"
"Dec 01, 2015","3.8575","3.8687","3.9048","3.8262","-0.30%"
"Nov 30, 2015","3.8690","3.8461","3.9243","3.8350","0.59%"
"Nov 27, 2015","3.8464","3.7434","3.8491","3.7170","2.76%"
"Nov 26, 2015","3.7431","3.7423","3.7699","3.7330","0.02%"
"Nov 25, 2015","3.7425","3.7009","3.8075","3.6947","1.15%"
"Nov 24, 2015","3.7000","3.7331","3.7459","3.6937","-0.88%"
"Nov 23, 2015","3.7330","3.7053","3.7411","3.7052","0.75%"
"Nov 20, 2015","3.7052","3.7195","3.7680","3.7046","-0.35%"
"Nov 19, 2015","3.7181","3.7667","3.7742","3.7144","-1.29%"
"Nov 18, 2015","3.7668","3.8104","3.8152","3.7638","-1.15%"
"Nov 17, 2015","3.8105","3.8187","3.8321","3.7870","-0.23%"
"Nov 16, 2015","3.8194","3.8440","3.8608","3.8119","-0.68%"
"Nov 13, 2015","3.8456","3.7710","3.8515","3.7629","1.98%"
"Nov 12, 2015","3.7710","3.7630","3.8265","3.7388","0.19%"
"Nov 11, 2015","3.7639","3.7510","3.7887","3.7058","0.34%"
"Nov 10, 2015","3.7510","3.7976","3.8241","3.7330","-1.26%"
"Nov 09, 2015","3.7990","3.7700","3.8067","3.7677","0.73%"
"Nov 06, 2015","3.7713","3.7822","3.8440","3.7523","-0.26%"
"Nov 05, 2015","3.7813","3.8000","3.8188","3.7664","-0.50%"
"Nov 04, 2015","3.8003","3.7698","3.8152","3.7450","0.77%"
"Nov 03, 2015","3.7712","3.8506","3.8743","3.7425","-2.06%"
"Nov 02, 2015","3.8507","3.8562","3.8584","3.8506","-0.15%"
"Oct 30, 2015","3.8564","3.8506","3.8906","3.8241","0.14%"
"Oct 29, 2015","3.8509","3.9085","3.9580","3.8465","-1.50%"
"Oct 28, 2015","3.9094","3.8884","3.9385","3.8563","0.54%"
"Oct 27, 2015","3.8883","3.9056","3.9335","3.8871","-0.45%"
"Oct 26, 2015","3.9060","3.8805","3.9245","3.8266","0.65%"
"Oct 23, 2015","3.8807","3.9080","3.9310","3.8665","-0.72%"
"Oct 22, 2015","3.9088","3.9415","3.9652","3.9050","-0.83%"
"Oct 21, 2015","3.9414","3.9066","3.9675","3.9035","0.87%"
"Oct 20, 2015","3.9073","3.8856","3.9171","3.8466","0.56%"
"Oct 19, 2015","3.8857","3.9239","3.9302","3.8623","-0.99%"
"Oct 16, 2015","3.9245","3.7981","3.9542","3.7939","3.19%"
"Oct 15, 2015","3.8032","3.8121","3.8761","3.7782","-0.23%"
"Oct 14, 2015","3.8119","3.8939","3.8964","3.8075","-2.10%"
"Oct 13, 2015","3.8937","3.7641","3.9011","3.7559","3.45%"
"Oct 12, 2015","3.7639","3.7636","3.7670","3.7598","-0.06%"
"Oct 09, 2015","3.7660","3.7844","3.7928","3.7233","-0.47%"
"Oct 08, 2015","3.7839","3.8855","3.9087","3.7784","-2.57%"
"Oct 07, 2015","3.8838","3.8548","3.8941","3.7889","0.78%"
"Oct 06, 2015","3.8539","3.9122","3.9430","3.8260","-1.49%"
"Oct 05, 2015","3.9120","3.9324","3.9509","3.8879","-0.54%"
"Oct 02, 2015","3.9331","4.0082","4.0470","3.9295","-1.92%"
"Oct 01, 2015","4.0100","3.9514","4.0211","3.9379","1.54%"
"Sep 30, 2015","3.9491","4.0631","4.0648","3.9232","-2.81%"
"Sep 29, 2015","4.0634","4.1074","4.1548","4.0118","-1.09%"
"Sep 28, 2015","4.1083","3.9761","4.1151","3.9746","3.28%"
"Sep 25, 2015","3.9777","3.9372","4.0089","3.8823","1.04%"
"Sep 24, 2015","3.9368","4.1787","4.2487","3.9364","-5.77%"
"Sep 23, 2015","4.1780","4.0491","4.1796","4.0140","3.17%"
"Sep 22, 2015","4.0497","3.9847","4.0680","3.9821","1.61%"
"Sep 21, 2015","3.9857","3.9428","3.9988","3.9308","1.01%"
"Sep 18, 2015","3.9459","3.8990","3.9629","3.8624","1.20%"
"Sep 17, 2015","3.8990","3.8308","3.9099","3.8283","1.83%"
"Sep 16, 2015","3.8289","3.8641","3.8685","3.8184","-0.89%"
"Sep 15, 2015","3.8634","3.8144","3.8837","3.8060","1.27%"
"Sep 14, 2015","3.8150","3.8731","3.8944","3.8058","-1.43%"
"Sep 11, 2015","3.8705","3.8453","3.8938","3.8200","0.54%"
"Sep 10, 2015","3.8498","3.7792","3.9169","3.7755","1.89%"
"Sep 09, 2015","3.7783","3.8192","3.8224","3.7643","-1.09%"
"Sep 08, 2015","3.8200","3.8389","3.8415","3.7795","-0.49%"
"Sep 07, 2015","3.8387","3.8434","3.8454","3.8380","-0.14%"
"Sep 04, 2015","3.8442","3.7405","3.8617","3.7367","2.84%"
"Sep 03, 2015","3.7380","3.7591","3.8167","3.7334","-0.56%"
"Sep 02, 2015","3.7591","3.7029","3.7725","3.6902","1.54%"
"Sep 01, 2015","3.7020","3.6189","3.7045","3.6185","2.28%"
"Aug 31, 2015","3.6193","3.5815","3.6838","3.5811","1.03%"
"Aug 28, 2015","3.5823","3.5555","3.6030","3.5447","0.88%"
"Aug 27, 2015","3.5510","3.5950","3.5983","3.5389","-1.26%"
"Aug 26, 2015","3.5963","3.6177","3.6567","3.5882","-0.59%"
"Aug 25, 2015","3.6175","3.5508","3.6175","3.5153","1.80%"
"Aug 24, 2015","3.5534","3.4985","3.5795","3.4979","1.51%"
"Aug 21, 2015","3.5007","3.4573","3.5089","3.4524","1.26%"
"Aug 20, 2015","3.4570","3.4931","3.5232","3.4485","-1.04%"
"Aug 19, 2015","3.4932","3.4673","3.5157","3.4593","0.72%"
"Aug 18, 2015","3.4681","3.4791","3.5043","3.4547","-0.38%"
"Aug 17, 2015","3.4812","3.4879","3.5069","3.4615","-0.09%"
"Aug 14, 2015","3.4845","3.5192","3.5250","3.4601","-0.99%"
"Aug 13, 2015","3.5194","3.4817","3.5296","3.4741","1.10%"
"Aug 12, 2015","3.4810","3.4739","3.5046","3.4458","0.17%"
"Aug 11, 2015","3.4750","3.4352","3.5171","3.4344","1.18%"
"Aug 10, 2015","3.4345","3.5066","3.5263","3.4342","-2.07%"
"Aug 07, 2015","3.5071","3.5408","3.5690","3.4920","-0.82%"
"Aug 06, 2015","3.5361","3.4862","3.5711","3.4853","1.42%"
"Aug 05, 2015","3.4867","3.4710","3.5011","3.4531","0.45%"
"Aug 04, 2015","3.4712","3.4511","3.4890","3.4300","0.57%"
"Aug 03, 2015","3.4514","3.4215","3.4613","3.4200","0.88%"
"Jul 31, 2015","3.4212","3.3728","3.4319","3.3365","1.47%"
"Jul 30, 2015","3.3715","3.3285","3.3855","3.3237","1.22%"
"Jul 29, 2015","3.3308","3.3568","3.3718","3.3131","-0.80%"
"Jul 28, 2015","3.3577","3.3636","3.4350","3.3424","-0.19%"
"Jul 27, 2015","3.3640","3.3538","3.3820","3.3451","0.25%"
"Jul 24, 2015","3.3556","3.2858","3.3580","3.2853","2.12%"
"Jul 23, 2015","3.2860","3.2231","3.2993","3.2190","1.93%"
"Jul 22, 2015","3.2239","3.1721","3.2354","3.1716","1.65%"
"Jul 21, 2015","3.1717","3.1989","3.2018","3.1635","-0.83%"
"Jul 20, 2015","3.1981","3.1877","3.2246","3.1865","0.31%"
"Jul 17, 2015","3.1881","3.1585","3.2039","3.1513","0.93%"
"Jul 16, 2015","3.1587","3.1383","3.1623","3.1277","0.62%"
"Jul 15, 2015","3.1391","3.1395","3.1668","3.1287","-0.03%"
"Jul 14, 2015","3.1399","3.1346","3.1444","3.1134","0.16%"
"Jul 13, 2015","3.1348","3.1597","3.1802","3.1289","-0.78%"
"Jul 10, 2015","3.1593","3.2195","3.2269","3.1578","-1.89%"
"Jul 09, 2015","3.2203","3.2367","3.2402","3.2134","-0.44%"
"Jul 08, 2015","3.2346","3.1881","3.2439","3.1802","1.50%"
"Jul 07, 2015","3.1867","3.1372","3.2014","3.1353","1.52%"
"Jul 06, 2015","3.1391","3.1335","3.1545","3.1297","0.14%"
"Jul 03, 2015","3.1347","3.0983","3.1421","3.0964","1.23%"
"Jul 02, 2015","3.0967","3.1500","3.1599","3.0939","-1.69%"
"Jul 01, 2015","3.1498","3.1034","3.1506","3.0972","1.51%"
"Jun 30, 2015","3.1030","3.1185","3.1274","3.0864","-0.47%"
"Jun 29, 2015","3.1178","3.1294","3.1522","3.1050","-0.37%"
"Jun 26, 2015","3.1295","3.1275","3.1433","3.1176","0.06%"
"Jun 25, 2015","3.1277","3.0976","3.1333","3.0808","0.96%"
"Jun 24, 2015","3.0979","3.0760","3.1037","3.0629","0.71%"
"Jun 23, 2015","3.0760","3.0809","3.1168","3.0754","-0.18%"
"Jun 22, 2015","3.0814","3.0967","3.1035","3.0674","-0.52%"
"Jun 19, 2015","3.0976","3.0593","3.1042","3.0548","1.21%"
"Jun 18, 2015","3.0605","3.0555","3.0645","3.0304","0.11%"
"Jun 17, 2015","3.0570","3.0875","3.1056","3.0501","-1.02%"
"Jun 16, 2015","3.0885","3.1269","3.1416","3.0841","-1.33%"
"Jun 15, 2015","3.1300","3.1181","3.1393","3.0920","0.37%"
"Jun 12, 2015","3.1185","3.0913","3.1306","3.0900","0.94%"
"Jun 11, 2015","3.0896","3.1177","3.1715","3.0886","-0.93%"
"Jun 10, 2015","3.1187","3.0972","3.1193","3.0625","0.71%"
"Jun 09, 2015","3.0966","3.1130","3.1199","3.0884","-0.53%"
"Jun 08, 2015","3.1132","3.1426","3.1490","3.1059","-0.98%"
"Jun 05, 2015","3.1439","3.1408","3.1894","3.1075","0.07%"
"Jun 04, 2015","3.1418","3.1348","3.1477","3.1337","0.23%"
"Jun 03, 2015","3.1345","3.1304","3.1467","3.1024","0.12%"
"Jun 02, 2015","3.1306","3.1710","3.1765","3.1253","-1.30%"
"Jun 01, 2015","3.1718","3.1795","3.2154","3.1592","-0.25%"
"May 29, 2015","3.1798","3.1624","3.1973","3.1408","0.55%"
"May 28, 2015","3.1624","3.1399","3.1890","3.1399","0.68%"
"May 27, 2015","3.1409","3.1547","3.1867","3.1388","-0.40%"
"May 26, 2015","3.1536","3.0970","3.1557","3.0916","1.83%"
"May 25, 2015","3.0968","3.0957","3.1345","3.0892","0.06%"
"May 22, 2015","3.0949","3.0403","3.1007","3.0334","1.88%"
"May 21, 2015","3.0379","3.0023","3.0463","2.9972","1.17%"
"May 20, 2015","3.0027","3.0393","3.0462","2.9981","-1.21%"
"May 19, 2015","3.0394","3.0071","3.0446","3.0028","1.06%"
"May 18, 2015","3.0076","2.9964","3.0320","2.9945","0.35%"
"May 15, 2015","2.9972","2.9949","3.0160","2.9714","0.12%"
"May 14, 2015","2.9935","3.0400","3.0415","2.9893","-1.54%"
"May 13, 2015","3.0403","3.0199","3.0451","2.9826","0.65%"
"May 12, 2015","3.0206","3.0595","3.0786","3.0130","-1.33%"
"May 11, 2015","3.0614","2.9759","3.0634","2.9759","2.96%"
"May 08, 2015","2.9733","3.0252","3.0442","2.9733","-1.74%"
"May 07, 2015","3.0260","3.0344","3.0644","3.0155","-0.24%"
"May 06, 2015","3.0333","3.0577","3.0763","3.0228","-0.66%"
"May 05, 2015","3.0536","3.0866","3.0914","3.0426","-1.06%"
"May 04, 2015","3.0864","3.0159","3.0961","3.0122","2.38%"
"May 01, 2015","3.0146","3.0152","3.0176","3.0124","0.00%"
"Apr 30, 2015","3.0145","2.9611","3.0206","2.9489","1.80%"
"Apr 29, 2015","2.9612","2.9380","2.9658","2.9145","0.84%"
"Apr 28, 2015","2.9364","2.9175","2.9442","2.8816","0.65%"
"Apr 27, 2015","2.9173","2.9513","2.9612","2.8993","-1.17%"
"Apr 24, 2015","2.9517","2.9702","2.9914","2.9501","-0.64%"
"Apr 23, 2015","2.9707","3.0108","3.0327","2.9696","-1.35%"
"Apr 22, 2015","3.0113","3.0350","3.0393","2.9976","-0.75%"
"Apr 21, 2015","3.0340","3.0325","3.0340","3.0299","0.03%"
"Apr 20, 2015","3.0330","3.0533","3.0588","3.0218","-0.26%"
"Apr 17, 2015","3.0409","3.0225","3.0709","3.0043","0.62%"
"Apr 16, 2015","3.0221","3.0293","3.0418","2.9988","-0.24%"
"Apr 15, 2015","3.0294","3.0649","3.0954","3.0246","-1.11%"
"Apr 14, 2015","3.0634","3.1225","3.1267","3.0559","-1.85%"
"Apr 13, 2015","3.1212","3.0747","3.1288","3.0745","1.48%"